config_name,temperature,top_p,response,timestamp
Top-P 1.0 (Base),0.7,1.0,A,2025-12-29T19:07:30.062448
Top-P 1.0 (Base),0.7,1.0,A,2025-12-29T19:07:30.374339
Top-P 1.0 (Base),0.7,1.0,A,2025-12-29T19:07:30.699993
Top-P 1.0 (Base),0.7,1.0,A,2025-12-29T19:07:31.023213
Top-P 1.0 (Base),0.7,1.0,A,2025-12-29T19:07:31.355168
Top-P 1.0 (Base),0.7,1.0,A,2025-12-29T19:07:31.672153
Top-P 1.0 (Base),0.7,1.0,A,2025-12-29T19:07:32.027317
Top-P 1.0 (Base),0.7,1.0,A,2025-12-29T19:07:32.343723
Top-P 1.0 (Base),0.7,1.0,A,2025-12-29T19:07:32.652641
Top-P 1.0 (Base),0.7,1.0,A,2025-12-29T19:07:32.962025
Top-P 1.0 (Base),0.7,1.0,A,2025-12-29T19:07:33.260636
Top-P 1.0 (Base),0.7,1.0,A,2025-12-29T19:07:33.579713
Top-P 1.0 (Base),0.7,1.0,A,2025-12-29T19:07:33.884841
Top-P 1.0 (Base),0.7,1.0,A.,2025-12-29T19:07:34.204504
Top-P 1.0 (Base),0.7,1.0,A,2025-12-29T19:07:34.507984
Top-P 1.0 (Base),0.7,1.0,A,2025-12-29T19:07:34.844249
Top-P 1.0 (Base),0.7,1.0,A,2025-12-29T19:07:35.152561
Top-P 1.0 (Base),0.7,1.0,A,2025-12-29T19:07:35.468231
Top-P 1.0 (Base),0.7,1.0,A,2025-12-29T19:07:35.789947
Top-P 1.0 (Base),0.7,1.0,A,2025-12-29T19:07:36.119363
Top-P 1.0 (Base),0.7,1.0,A,2025-12-29T19:07:36.442742
Top-P 1.0 (Base),0.7,1.0,A,2025-12-29T19:07:36.776737
Top-P 1.0 (Base),0.7,1.0,A,2025-12-29T19:07:37.081108
Top-P 1.0 (Base),0.7,1.0,A,2025-12-29T19:07:37.396836
Top-P 1.0 (Base),0.7,1.0,A,2025-12-29T19:07:37.713593
Top-P 1.0 (Base),0.7,1.0,A,2025-12-29T19:07:38.048456
Top-P 1.0 (Base),0.7,1.0,A,2025-12-29T19:07:38.352941
Top-P 1.0 (Base),0.7,1.0,A,2025-12-29T19:07:38.655286
Top-P 1.0 (Base),0.7,1.0,A,2025-12-29T19:07:38.973612
Top-P 1.0 (Base),0.7,1.0,A,2025-12-29T19:07:39.288993
Top-P 1.0 (Base),0.7,1.0,A,2025-12-29T19:07:41.705094
Top-P 1.0 (Base),0.7,1.0,A,2025-12-29T19:07:44.154695
Top-P 1.0 (Base),0.7,1.0,A,2025-12-29T19:07:46.591759
Top-P 1.0 (Base),0.7,1.0,A,2025-12-29T19:07:49.003628
Top-P 1.0 (Base),0.7,1.0,A,2025-12-29T19:07:51.419955
Top-P 1.0 (Base),0.7,1.0,A,2025-12-29T19:07:53.842396
Top-P 1.0 (Base),0.7,1.0,A,2025-12-29T19:07:56.265135
Top-P 1.0 (Base),0.7,1.0,A,2025-12-29T19:07:58.707009
Top-P 1.0 (Base),0.7,1.0,A,2025-12-29T19:08:01.138386
Top-P 1.0 (Base),0.7,1.0,A,2025-12-29T19:08:03.562581
Top-P 1.0 (Base),0.7,1.0,A,2025-12-29T19:08:06.048600
Top-P 1.0 (Base),0.7,1.0,A,2025-12-29T19:08:08.478969
Top-P 1.0 (Base),0.7,1.0,A,2025-12-29T19:08:11.058196
Top-P 1.0 (Base),0.7,1.0,A,2025-12-29T19:08:13.479850
Top-P 1.0 (Base),0.7,1.0,A,2025-12-29T19:08:15.897645
Top-P 1.0 (Base),0.7,1.0,A,2025-12-29T19:08:18.298953
Top-P 1.0 (Base),0.7,1.0,A,2025-12-29T19:08:20.754797
Top-P 1.0 (Base),0.7,1.0,A,2025-12-29T19:08:23.209283
Top-P 1.0 (Base),0.7,1.0,A,2025-12-29T19:08:25.622329
Top-P 1.0 (Base),0.7,1.0,A,2025-12-29T19:08:28.049471
Top-P 1.0 (Base),0.7,1.0,A,2025-12-29T19:08:30.474819
Top-P 1.0 (Base),0.7,1.0,A,2025-12-29T19:08:32.910027
Top-P 1.0 (Base),0.7,1.0,C,2025-12-29T19:08:35.309629
Top-P 1.0 (Base),0.7,1.0,A,2025-12-29T19:08:37.734700
Top-P 1.0 (Base),0.7,1.0,A,2025-12-29T19:08:40.142737
Top-P 1.0 (Base),0.7,1.0,A,2025-12-29T19:08:42.558539
Top-P 1.0 (Base),0.7,1.0,A,2025-12-29T19:08:44.980170
Top-P 1.0 (Base),0.7,1.0,A,2025-12-29T19:08:47.414888
Top-P 1.0 (Base),0.7,1.0,A,2025-12-29T19:08:49.848462
Top-P 1.0 (Base),0.7,1.0,A,2025-12-29T19:08:52.262626
Top-P 1.0 (Base),0.7,1.0,A,2025-12-29T19:08:54.676886
Top-P 1.0 (Base),0.7,1.0,A,2025-12-29T19:08:57.078737
Top-P 1.0 (Base),0.7,1.0,A,2025-12-29T19:08:59.507307
Top-P 1.0 (Base),0.7,1.0,A,2025-12-29T19:09:01.967228
Top-P 1.0 (Base),0.7,1.0,A,2025-12-29T19:09:04.412399
Top-P 1.0 (Base),0.7,1.0,A,2025-12-29T19:09:06.968611
Top-P 1.0 (Base),0.7,1.0,A,2025-12-29T19:09:09.406669
Top-P 1.0 (Base),0.7,1.0,A,2025-12-29T19:09:11.817150
Top-P 1.0 (Base),0.7,1.0,A,2025-12-29T19:09:14.262231
Top-P 1.0 (Base),0.7,1.0,A,2025-12-29T19:09:16.679166
Top-P 1.0 (Base),0.7,1.0,A,2025-12-29T19:09:19.116118
Top-P 1.0 (Base),0.7,1.0,A,2025-12-29T19:09:21.521490
Top-P 1.0 (Base),0.7,1.0,A,2025-12-29T19:09:23.952191
Top-P 1.0 (Base),0.7,1.0,A.,2025-12-29T19:09:26.360665
Top-P 1.0 (Base),0.7,1.0,A,2025-12-29T19:09:28.766841
Top-P 1.0 (Base),0.7,1.0,A,2025-12-29T19:09:31.249959
Top-P 1.0 (Base),0.7,1.0,A,2025-12-29T19:09:33.663806
Top-P 1.0 (Base),0.7,1.0,A,2025-12-29T19:09:36.088788
Top-P 1.0 (Base),0.7,1.0,A,2025-12-29T19:09:38.505000
Top-P 1.0 (Base),0.7,1.0,A,2025-12-29T19:09:40.936437
Top-P 1.0 (Base),0.7,1.0,A,2025-12-29T19:09:43.379575
Top-P 1.0 (Base),0.7,1.0,A,2025-12-29T19:09:45.781737
Top-P 1.0 (Base),0.7,1.0,A,2025-12-29T19:09:48.188723
Top-P 1.0 (Base),0.7,1.0,A,2025-12-29T19:09:50.597363
Top-P 1.0 (Base),0.7,1.0,A,2025-12-29T19:09:53.001946
Top-P 1.0 (Base),0.7,1.0,A,2025-12-29T19:09:55.440566
Top-P 1.0 (Base),0.7,1.0,A,2025-12-29T19:09:57.888146
Top-P 1.0 (Base),0.7,1.0,A,2025-12-29T19:10:00.460704
Top-P 1.0 (Base),0.7,1.0,A,2025-12-29T19:10:02.882253
Top-P 1.0 (Base),0.7,1.0,A,2025-12-29T19:10:05.318672
Top-P 1.0 (Base),0.7,1.0,A,2025-12-29T19:10:07.750011
Top-P 1.0 (Base),0.7,1.0,A.,2025-12-29T19:10:10.169345
Top-P 1.0 (Base),0.7,1.0,A,2025-12-29T19:10:12.593050
Top-P 1.0 (Base),0.7,1.0,A,2025-12-29T19:10:15.004977
Top-P 1.0 (Base),0.7,1.0,A,2025-12-29T19:10:17.422537
Top-P 1.0 (Base),0.7,1.0,A,2025-12-29T19:10:19.860125
Top-P 1.0 (Base),0.7,1.0,A,2025-12-29T19:10:22.302617
Top-P 1.0 (Base),0.7,1.0,A,2025-12-29T19:10:24.709018
Top-P 1.0 (Base),0.7,1.0,A,2025-12-29T19:10:27.129001
Top-P 1.0 (Base),0.7,1.0,A,2025-12-29T19:10:29.560024
Top-P 1.0 (Base),0.7,1.0,A.,2025-12-29T19:10:31.987658
Top-P 1.0 (Base),0.7,1.0,A,2025-12-29T19:10:34.398344
Top-P 1.0 (Base),0.7,1.0,A,2025-12-29T19:10:36.821287
Top-P 1.0 (Base),0.7,1.0,A,2025-12-29T19:10:39.246731
Top-P 1.0 (Base),0.7,1.0,A,2025-12-29T19:10:41.709589
Top-P 1.0 (Base),0.7,1.0,A,2025-12-29T19:10:44.109081
Top-P 1.0 (Base),0.7,1.0,A,2025-12-29T19:10:46.549766
Top-P 1.0 (Base),0.7,1.0,A,2025-12-29T19:10:48.962680
Top-P 1.0 (Base),0.7,1.0,A.,2025-12-29T19:10:51.397747
Top-P 1.0 (Base),0.7,1.0,A,2025-12-29T19:10:53.818539
Top-P 1.0 (Base),0.7,1.0,A,2025-12-29T19:10:56.222425
Top-P 1.0 (Base),0.7,1.0,A,2025-12-29T19:10:58.659160
Top-P 1.0 (Base),0.7,1.0,D,2025-12-29T19:11:01.077005
Top-P 1.0 (Base),0.7,1.0,A.,2025-12-29T19:11:03.497958
Top-P 1.0 (Base),0.7,1.0,A,2025-12-29T19:11:05.928524
Top-P 1.0 (Base),0.7,1.0,A,2025-12-29T19:11:08.350283
Top-P 1.0 (Base),0.7,1.0,A,2025-12-29T19:11:10.783551
Top-P 1.0 (Base),0.7,1.0,A,2025-12-29T19:11:13.200837
Top-P 1.0 (Base),0.7,1.0,A,2025-12-29T19:11:15.630252
Top-P 1.0 (Base),0.7,1.0,A,2025-12-29T19:11:18.080251
Top-P 1.0 (Base),0.7,1.0,A,2025-12-29T19:11:20.488808
Top-P 1.0 (Base),0.7,1.0,A,2025-12-29T19:11:22.907676
Top-P 1.0 (Base),0.7,1.0,A,2025-12-29T19:11:25.315990
Top-P 1.0 (Base),0.7,1.0,A,2025-12-29T19:11:27.734998
Top-P 1.0 (Base),0.7,1.0,A,2025-12-29T19:11:30.139856
Top-P 1.0 (Base),0.7,1.0,A,2025-12-29T19:11:32.571100
Top-P 1.0 (Base),0.7,1.0,A,2025-12-29T19:11:34.989253
Top-P 1.0 (Base),0.7,1.0,A.,2025-12-29T19:11:37.393860
Top-P 1.0 (Base),0.7,1.0,A,2025-12-29T19:11:39.809891
Top-P 1.0 (Base),0.7,1.0,A,2025-12-29T19:11:42.245347
Top-P 1.0 (Base),0.7,1.0,A,2025-12-29T19:11:44.664002
Top-P 1.0 (Base),0.7,1.0,A,2025-12-29T19:11:47.093631
Top-P 1.0 (Base),0.7,1.0,A,2025-12-29T19:11:49.494186
Top-P 1.0 (Base),0.7,1.0,A,2025-12-29T19:11:51.909065
Top-P 1.0 (Base),0.7,1.0,A,2025-12-29T19:11:54.327790
Top-P 1.0 (Base),0.7,1.0,A,2025-12-29T19:11:56.737111
Top-P 1.0 (Base),0.7,1.0,A,2025-12-29T19:11:59.169448
Top-P 1.0 (Base),0.7,1.0,A,2025-12-29T19:12:01.599695
Top-P 1.0 (Base),0.7,1.0,A,2025-12-29T19:12:04.028855
Top-P 1.0 (Base),0.7,1.0,A,2025-12-29T19:12:06.445713
Top-P 1.0 (Base),0.7,1.0,A,2025-12-29T19:12:08.930756
Top-P 1.0 (Base),0.7,1.0,A,2025-12-29T19:12:11.363710
Top-P 1.0 (Base),0.7,1.0,A,2025-12-29T19:12:13.778692
Top-P 1.0 (Base),0.7,1.0,A,2025-12-29T19:12:16.189557
Top-P 1.0 (Base),0.7,1.0,A.,2025-12-29T19:12:18.595879
Top-P 1.0 (Base),0.7,1.0,A,2025-12-29T19:12:21.024482
Top-P 1.0 (Base),0.7,1.0,A,2025-12-29T19:12:23.440702
Top-P 1.0 (Base),0.7,1.0,A,2025-12-29T19:12:25.860919
Top-P 1.0 (Base),0.7,1.0,A,2025-12-29T19:12:28.267238
Top-P 1.0 (Base),0.7,1.0,A,2025-12-29T19:12:30.671795
Top-P 1.0 (Base),0.7,1.0,A,2025-12-29T19:12:33.086231
Top-P 1.0 (Base),0.7,1.0,A,2025-12-29T19:12:35.497706
Top-P 1.0 (Base),0.7,1.0,A,2025-12-29T19:12:37.920839
Top-P 1.0 (Base),0.7,1.0,A,2025-12-29T19:12:40.350781
Top-P 1.0 (Base),0.7,1.0,A,2025-12-29T19:12:42.763948
Top-P 1.0 (Base),0.7,1.0,A,2025-12-29T19:12:45.181891
Top-P 1.0 (Base),0.7,1.0,D,2025-12-29T19:12:47.590906
Top-P 1.0 (Base),0.7,1.0,A,2025-12-29T19:12:50.049254
Top-P 1.0 (Base),0.7,1.0,A,2025-12-29T19:12:52.467148
Top-P 1.0 (Base),0.7,1.0,A,2025-12-29T19:12:54.884116
Top-P 1.0 (Base),0.7,1.0,A,2025-12-29T19:12:57.310080
Top-P 1.0 (Base),0.7,1.0,A,2025-12-29T19:12:59.738593
Top-P 1.0 (Base),0.7,1.0,A,2025-12-29T19:13:02.154632
Top-P 1.0 (Base),0.7,1.0,A,2025-12-29T19:13:04.574302
Top-P 1.0 (Base),0.7,1.0,A,2025-12-29T19:13:06.995175
Top-P 1.0 (Base),0.7,1.0,A,2025-12-29T19:13:09.461786
Top-P 1.0 (Base),0.7,1.0,A,2025-12-29T19:13:11.871763
Top-P 1.0 (Base),0.7,1.0,A,2025-12-29T19:13:14.294608
Top-P 1.0 (Base),0.7,1.0,A,2025-12-29T19:13:16.704793
Top-P 1.0 (Base),0.7,1.0,A,2025-12-29T19:13:19.111241
Top-P 1.0 (Base),0.7,1.0,A,2025-12-29T19:13:21.523926
Top-P 1.0 (Base),0.7,1.0,A,2025-12-29T19:13:23.940205
Top-P 1.0 (Base),0.7,1.0,A.,2025-12-29T19:13:26.352638
Top-P 1.0 (Base),0.7,1.0,A,2025-12-29T19:13:28.762862
Top-P 1.0 (Base),0.7,1.0,A,2025-12-29T19:13:31.180710
Top-P 1.0 (Base),0.7,1.0,A,2025-12-29T19:13:33.583370
Top-P 1.0 (Base),0.7,1.0,A,2025-12-29T19:13:35.988589
Top-P 1.0 (Base),0.7,1.0,A,2025-12-29T19:13:38.405432
Top-P 1.0 (Base),0.7,1.0,A,2025-12-29T19:13:40.823169
Top-P 1.0 (Base),0.7,1.0,A,2025-12-29T19:13:43.226314
Top-P 1.0 (Base),0.7,1.0,A,2025-12-29T19:13:45.659650
Top-P 1.0 (Base),0.7,1.0,A,2025-12-29T19:13:48.106013
Top-P 1.0 (Base),0.7,1.0,A,2025-12-29T19:13:50.507524
Top-P 1.0 (Base),0.7,1.0,A,2025-12-29T19:13:52.939270
Top-P 1.0 (Base),0.7,1.0,A,2025-12-29T19:13:55.369243
Top-P 1.0 (Base),0.7,1.0,A,2025-12-29T19:13:57.772015
Top-P 1.0 (Base),0.7,1.0,A,2025-12-29T19:14:00.174589
Top-P 1.0 (Base),0.7,1.0,A,2025-12-29T19:14:02.595583
Top-P 1.0 (Base),0.7,1.0,A,2025-12-29T19:14:05.045718
Top-P 1.0 (Base),0.7,1.0,A,2025-12-29T19:14:07.474807
Top-P 1.0 (Base),0.7,1.0,D,2025-12-29T19:14:09.873289
Top-P 1.0 (Base),0.7,1.0,A,2025-12-29T19:14:12.291700
Top-P 1.0 (Base),0.7,1.0,A,2025-12-29T19:14:14.698412
Top-P 1.0 (Base),0.7,1.0,A.,2025-12-29T19:14:17.109851
Top-P 1.0 (Base),0.7,1.0,A,2025-12-29T19:14:19.536941
Top-P 1.0 (Base),0.7,1.0,A,2025-12-29T19:14:21.932754
Top-P 1.0 (Base),0.7,1.0,A,2025-12-29T19:14:24.332230
Top-P 1.0 (Base),0.7,1.0,A,2025-12-29T19:14:26.732958
Top-P 1.0 (Base),0.7,1.0,A,2025-12-29T19:14:29.162058
Top-P 1.0 (Base),0.7,1.0,A,2025-12-29T19:14:31.571794
Top-P 1.0 (Base),0.7,1.0,A,2025-12-29T19:14:33.978768
Top-P 1.0 (Base),0.7,1.0,A,2025-12-29T19:14:36.401910
Top-P 1.0 (Base),0.7,1.0,A,2025-12-29T19:14:38.806648
Top-P 1.0 (Base),0.7,1.0,A,2025-12-29T19:14:41.227738
Top-P 1.0 (Base),0.7,1.0,A,2025-12-29T19:14:43.632299
Top-P 1.0 (Base),0.7,1.0,A,2025-12-29T19:14:46.028674
Top-P 1.0 (Base),0.7,1.0,A,2025-12-29T19:14:48.510644
Top-P 1.0 (Base),0.7,1.0,A,2025-12-29T19:14:50.950770
Top-P 1.0 (Base),0.7,1.0,A,2025-12-29T19:14:53.404918
Top-P 1.0 (Base),0.7,1.0,A,2025-12-29T19:14:55.859053
Top-P 1.0 (Base),0.7,1.0,A,2025-12-29T19:14:58.291047
Top-P 1.0 (Base),0.7,1.0,A,2025-12-29T19:15:00.709195
Top-P 1.0 (Base),0.7,1.0,A,2025-12-29T19:15:03.132697
Top-P 1.0 (Base),0.7,1.0,A,2025-12-29T19:15:05.552846
Top-P 1.0 (Base),0.7,1.0,A,2025-12-29T19:15:07.963477
Top-P 1.0 (Base),0.7,1.0,A,2025-12-29T19:15:10.372275
Top-P 1.0 (Base),0.7,1.0,A,2025-12-29T19:15:12.779437
Top-P 1.0 (Base),0.7,1.0,A,2025-12-29T19:15:15.193802
Top-P 1.0 (Base),0.7,1.0,A,2025-12-29T19:15:17.634625
Top-P 1.0 (Base),0.7,1.0,A,2025-12-29T19:15:20.048162
Top-P 1.0 (Base),0.7,1.0,A,2025-12-29T19:15:22.465195
Top-P 1.0 (Base),0.7,1.0,A,2025-12-29T19:15:24.892264
Top-P 1.0 (Base),0.7,1.0,A,2025-12-29T19:15:27.346149
Top-P 1.0 (Base),0.7,1.0,D,2025-12-29T19:15:29.780221
Top-P 1.0 (Base),0.7,1.0,A,2025-12-29T19:15:32.182780
Top-P 1.0 (Base),0.7,1.0,A,2025-12-29T19:15:34.602171
Top-P 1.0 (Base),0.7,1.0,A.,2025-12-29T19:15:37.006238
Top-P 1.0 (Base),0.7,1.0,A,2025-12-29T19:15:39.431543
Top-P 1.0 (Base),0.7,1.0,A,2025-12-29T19:15:41.861078
Top-P 1.0 (Base),0.7,1.0,A,2025-12-29T19:15:44.288240
Top-P 1.0 (Base),0.7,1.0,A,2025-12-29T19:15:46.690043
Top-P 1.0 (Base),0.7,1.0,A,2025-12-29T19:15:49.106706
Top-P 1.0 (Base),0.7,1.0,A,2025-12-29T19:15:51.523908
Top-P 1.0 (Base),0.7,1.0,A,2025-12-29T19:15:53.989884
Top-P 1.0 (Base),0.7,1.0,A,2025-12-29T19:15:56.406636
Top-P 1.0 (Base),0.7,1.0,A,2025-12-29T19:15:58.814579
Top-P 1.0 (Base),0.7,1.0,A,2025-12-29T19:16:01.238933
Top-P 1.0 (Base),0.7,1.0,A,2025-12-29T19:16:03.673737
Top-P 1.0 (Base),0.7,1.0,D,2025-12-29T19:16:06.085578
Top-P 1.0 (Base),0.7,1.0,A,2025-12-29T19:16:08.512819
Top-P 1.0 (Base),0.7,1.0,A,2025-12-29T19:16:10.944037
Top-P 1.0 (Base),0.7,1.0,A,2025-12-29T19:16:13.347458
Top-P 1.0 (Base),0.7,1.0,D,2025-12-29T19:16:15.776209
Top-P 1.0 (Base),0.7,1.0,A,2025-12-29T19:16:18.201900
Top-P 1.0 (Base),0.7,1.0,A,2025-12-29T19:16:20.617595
Top-P 1.0 (Base),0.7,1.0,A,2025-12-29T19:16:23.048054
Top-P 1.0 (Base),0.7,1.0,A,2025-12-29T19:16:25.561276
Top-P 1.0 (Base),0.7,1.0,A,2025-12-29T19:16:27.973929
Top-P 1.0 (Base),0.7,1.0,A,2025-12-29T19:16:30.391843
Top-P 1.0 (Base),0.7,1.0,D,2025-12-29T19:16:32.813190
Top-P 1.0 (Base),0.7,1.0,A,2025-12-29T19:16:35.231829
Top-P 1.0 (Base),0.7,1.0,A,2025-12-29T19:16:37.667940
Top-P 1.0 (Base),0.7,1.0,A,2025-12-29T19:16:40.099333
Top-P 1.0 (Base),0.7,1.0,A,2025-12-29T19:16:42.508553
Top-P 1.0 (Base),0.7,1.0,A,2025-12-29T19:16:44.911669
Top-P 1.0 (Base),0.7,1.0,A,2025-12-29T19:16:47.343329
Top-P 1.0 (Base),0.7,1.0,A,2025-12-29T19:16:49.757691
Top-P 1.0 (Base),0.7,1.0,A,2025-12-29T19:16:52.163916
Top-P 1.0 (Base),0.7,1.0,A,2025-12-29T19:16:54.580113
Top-P 1.0 (Base),0.7,1.0,A,2025-12-29T19:16:56.989226
Top-P 1.0 (Base),0.7,1.0,A,2025-12-29T19:16:59.397930
Top-P 1.0 (Base),0.7,1.0,A,2025-12-29T19:17:01.830245
Top-P 1.0 (Base),0.7,1.0,A,2025-12-29T19:17:04.240603
Top-P 1.0 (Base),0.7,1.0,A,2025-12-29T19:17:06.681837
Top-P 1.0 (Base),0.7,1.0,A,2025-12-29T19:17:09.162582
Top-P 1.0 (Base),0.7,1.0,D,2025-12-29T19:17:11.569127
Top-P 1.0 (Base),0.7,1.0,A,2025-12-29T19:17:13.979918
Top-P 1.0 (Base),0.7,1.0,A,2025-12-29T19:17:16.393696
Top-P 1.0 (Base),0.7,1.0,A,2025-12-29T19:17:18.785738
Top-P 1.0 (Base),0.7,1.0,A,2025-12-29T19:17:21.181968
Top-P 1.0 (Base),0.7,1.0,A,2025-12-29T19:17:23.606930
Top-P 1.0 (Base),0.7,1.0,A,2025-12-29T19:17:26.024275
Top-P 1.0 (Base),0.7,1.0,A,2025-12-29T19:17:28.461118
Top-P 1.0 (Base),0.7,1.0,A,2025-12-29T19:17:30.884807
Top-P 1.0 (Base),0.7,1.0,A,2025-12-29T19:17:33.289266
Top-P 1.0 (Base),0.7,1.0,A,2025-12-29T19:17:35.710156
Top-P 1.0 (Base),0.7,1.0,A,2025-12-29T19:17:38.118015
Top-P 1.0 (Base),0.7,1.0,A,2025-12-29T19:17:40.537511
Top-P 1.0 (Base),0.7,1.0,A,2025-12-29T19:17:42.959283
Top-P 1.0 (Base),0.7,1.0,A,2025-12-29T19:17:45.387110
Top-P 1.0 (Base),0.7,1.0,D,2025-12-29T19:17:47.813543
Top-P 1.0 (Base),0.7,1.0,A,2025-12-29T19:17:50.217114
Top-P 1.0 (Base),0.7,1.0,A,2025-12-29T19:17:52.646642
Top-P 1.0 (Base),0.7,1.0,A,2025-12-29T19:17:55.078866
Top-P 1.0 (Base),0.7,1.0,D.,2025-12-29T19:17:57.535773
Top-P 1.0 (Base),0.7,1.0,A,2025-12-29T19:17:59.949669
Top-P 1.0 (Base),0.7,1.0,A,2025-12-29T19:18:02.354513
Top-P 1.0 (Base),0.7,1.0,A,2025-12-29T19:18:04.754915
Top-P 1.0 (Base),0.7,1.0,A,2025-12-29T19:18:07.224707
Top-P 1.0 (Base),0.7,1.0,A,2025-12-29T19:18:09.638322
Top-P 1.0 (Base),0.7,1.0,A,2025-12-29T19:18:12.053421
Top-P 1.0 (Base),0.7,1.0,A,2025-12-29T19:18:14.465037
Top-P 1.0 (Base),0.7,1.0,A,2025-12-29T19:18:16.860133
Top-P 1.0 (Base),0.7,1.0,A,2025-12-29T19:18:19.257690
Top-P 1.0 (Base),0.7,1.0,A,2025-12-29T19:18:21.669295
Top-P 1.0 (Base),0.7,1.0,A,2025-12-29T19:18:24.079319
Top-P 1.0 (Base),0.7,1.0,A,2025-12-29T19:18:26.474282
Top-P 1.0 (Base),0.7,1.0,A,2025-12-29T19:18:28.878341
Top-P 1.0 (Base),0.7,1.0,A,2025-12-29T19:18:31.287440
Top-P 1.0 (Base),0.7,1.0,A,2025-12-29T19:18:33.711686
Top-P 1.0 (Base),0.7,1.0,A,2025-12-29T19:18:36.162639
Top-P 1.0 (Base),0.7,1.0,A,2025-12-29T19:18:38.578410
Top-P 1.0 (Base),0.7,1.0,A,2025-12-29T19:18:41.008507
Top-P 1.0 (Base),0.7,1.0,A,2025-12-29T19:18:43.443275
Top-P 1.0 (Base),0.7,1.0,A,2025-12-29T19:18:45.842474
Top-P 1.0 (Base),0.7,1.0,A,2025-12-29T19:18:48.246217
Top-P 1.0 (Base),0.7,1.0,A,2025-12-29T19:18:50.657683
Top-P 1.0 (Base),0.7,1.0,A,2025-12-29T19:18:53.089188
Top-P 1.0 (Base),0.7,1.0,A,2025-12-29T19:18:55.512510
Top-P 1.0 (Base),0.7,1.0,A,2025-12-29T19:18:57.916981
Top-P 1.0 (Base),0.7,1.0,A,2025-12-29T19:19:00.346387
Top-P 1.0 (Base),0.7,1.0,A,2025-12-29T19:19:02.751351
Top-P 1.0 (Base),0.7,1.0,A.,2025-12-29T19:19:05.182165
Top-P 1.0 (Base),0.7,1.0,A,2025-12-29T19:19:07.594432
Top-P 1.0 (Base),0.7,1.0,A,2025-12-29T19:19:10.031254
Top-P 1.0 (Base),0.7,1.0,A,2025-12-29T19:19:12.507519
Top-P 1.0 (Base),0.7,1.0,A,2025-12-29T19:19:14.926622
Top-P 1.0 (Base),0.7,1.0,D,2025-12-29T19:19:17.333091
Top-P 1.0 (Base),0.7,1.0,A,2025-12-29T19:19:19.750226
Top-P 1.0 (Base),0.7,1.0,A,2025-12-29T19:19:22.178873
Top-P 1.0 (Base),0.7,1.0,A,2025-12-29T19:19:24.585698
Top-P 1.0 (Base),0.7,1.0,A,2025-12-29T19:19:27.001419
Top-P 1.0 (Base),0.7,1.0,A,2025-12-29T19:19:29.422384
Top-P 1.0 (Base),0.7,1.0,A,2025-12-29T19:19:32.018094
Top-P 1.0 (Base),0.7,1.0,A.,2025-12-29T19:19:34.457356
Top-P 1.0 (Base),0.7,1.0,A,2025-12-29T19:19:36.897041
Top-P 1.0 (Base),0.7,1.0,A,2025-12-29T19:19:39.307028
Top-P 1.0 (Base),0.7,1.0,A,2025-12-29T19:19:41.717523
Top-P 1.0 (Base),0.7,1.0,A,2025-12-29T19:19:44.133023
Top-P 1.0 (Base),0.7,1.0,A,2025-12-29T19:19:46.566604
Top-P 1.0 (Base),0.7,1.0,A,2025-12-29T19:19:48.979687
Top-P 1.0 (Base),0.7,1.0,A,2025-12-29T19:19:51.382734
Top-P 1.0 (Base),0.7,1.0,A,2025-12-29T19:19:53.793890
Top-P 1.0 (Base),0.7,1.0,A,2025-12-29T19:19:56.205296
Top-P 1.0 (Base),0.7,1.0,A,2025-12-29T19:19:58.609989
Top-P 1.0 (Base),0.7,1.0,A,2025-12-29T19:20:01.015851
Top-P 1.0 (Base),0.7,1.0,A,2025-12-29T19:20:03.464529
Top-P 1.0 (Base),0.7,1.0,A.,2025-12-29T19:20:05.879181
Top-P 1.0 (Base),0.7,1.0,A,2025-12-29T19:20:08.284113
Top-P 1.0 (Base),0.7,1.0,A,2025-12-29T19:20:10.682984
Top-P 1.0 (Base),0.7,1.0,A,2025-12-29T19:20:13.119562
Top-P 1.0 (Base),0.7,1.0,A,2025-12-29T19:20:15.529641
Top-P 1.0 (Base),0.7,1.0,A,2025-12-29T19:20:17.933959
Top-P 1.0 (Base),0.7,1.0,D.,2025-12-29T19:20:20.350192
Top-P 1.0 (Base),0.7,1.0,A,2025-12-29T19:20:22.757859
Top-P 1.0 (Base),0.7,1.0,D.,2025-12-29T19:20:25.176458
Top-P 1.0 (Base),0.7,1.0,A,2025-12-29T19:20:27.574511
Top-P 1.0 (Base),0.7,1.0,A,2025-12-29T19:20:29.982298
Top-P 1.0 (Base),0.7,1.0,A,2025-12-29T19:20:32.395267
Top-P 1.0 (Base),0.7,1.0,A,2025-12-29T19:20:34.818764
Top-P 1.0 (Base),0.7,1.0,A,2025-12-29T19:20:37.275156
Top-P 1.0 (Base),0.7,1.0,D,2025-12-29T19:20:39.691653
Top-P 1.0 (Base),0.7,1.0,A,2025-12-29T19:20:42.084810
Top-P 1.0 (Base),0.7,1.0,A,2025-12-29T19:20:44.505164
Top-P 1.0 (Base),0.7,1.0,A,2025-12-29T19:20:46.923778
Top-P 1.0 (Base),0.7,1.0,A,2025-12-29T19:20:49.344750
Top-P 1.0 (Base),0.7,1.0,A,2025-12-29T19:20:51.752986
Top-P 1.0 (Base),0.7,1.0,A,2025-12-29T19:20:54.151607
Top-P 1.0 (Base),0.7,1.0,A,2025-12-29T19:20:56.568658
Top-P 1.0 (Base),0.7,1.0,A,2025-12-29T19:20:58.988502
Top-P 1.0 (Base),0.7,1.0,A.,2025-12-29T19:21:01.394887
Top-P 1.0 (Base),0.7,1.0,A,2025-12-29T19:21:03.806290
Top-P 1.0 (Base),0.7,1.0,A,2025-12-29T19:21:06.222957
Top-P 1.0 (Base),0.7,1.0,A,2025-12-29T19:21:08.675004
Top-P 1.0 (Base),0.7,1.0,A,2025-12-29T19:21:11.090050
Top-P 1.0 (Base),0.7,1.0,A,2025-12-29T19:21:13.518485
Top-P 1.0 (Base),0.7,1.0,A.,2025-12-29T19:21:15.923245
Top-P 1.0 (Base),0.7,1.0,A,2025-12-29T19:21:18.332393
Top-P 1.0 (Base),0.7,1.0,A,2025-12-29T19:21:20.763142
Top-P 1.0 (Base),0.7,1.0,A,2025-12-29T19:21:23.181420
Top-P 1.0 (Base),0.7,1.0,No tengo opci√≥n seleccionada.,2025-12-29T19:21:25.622210
Top-P 1.0 (Base),0.7,1.0,A,2025-12-29T19:21:28.035678
Top-P 1.0 (Base),0.7,1.0,A,2025-12-29T19:21:30.446452
Top-P 1.0 (Base),0.7,1.0,A,2025-12-29T19:21:32.869385
Top-P 1.0 (Base),0.7,1.0,A,2025-12-29T19:21:35.272043
Top-P 1.0 (Base),0.7,1.0,A,2025-12-29T19:21:37.718930
Top-P 1.0 (Base),0.7,1.0,A,2025-12-29T19:21:40.122066
Top-P 1.0 (Base),0.7,1.0,A,2025-12-29T19:21:42.540322
Top-P 1.0 (Base),0.7,1.0,A,2025-12-29T19:21:44.933454
Top-P 1.0 (Base),0.7,1.0,A,2025-12-29T19:21:47.338962
Top-P 1.0 (Base),0.7,1.0,A,2025-12-29T19:21:49.755303
Top-P 1.0 (Base),0.7,1.0,A,2025-12-29T19:21:52.175582
Top-P 1.0 (Base),0.7,1.0,D.,2025-12-29T19:21:54.601348
Top-P 1.0 (Base),0.7,1.0,A,2025-12-29T19:21:57.004116
Top-P 1.0 (Base),0.7,1.0,D,2025-12-29T19:21:59.431979
Top-P 1.0 (Base),0.7,1.0,A,2025-12-29T19:22:01.857260
Top-P 1.0 (Base),0.7,1.0,A,2025-12-29T19:22:04.260982
Top-P 1.0 (Base),0.7,1.0,A,2025-12-29T19:22:06.680339
Top-P 1.0 (Base),0.7,1.0,A,2025-12-29T19:22:09.084853
Top-P 1.0 (Base),0.7,1.0,D,2025-12-29T19:22:11.531902
Top-P 1.0 (Base),0.7,1.0,A,2025-12-29T19:22:13.962730
Top-P 1.0 (Base),0.7,1.0,A,2025-12-29T19:22:16.414067
Top-P 1.0 (Base),0.7,1.0,A,2025-12-29T19:22:18.818041
Top-P 1.0 (Base),0.7,1.0,D,2025-12-29T19:22:21.252353
Top-P 1.0 (Base),0.7,1.0,A,2025-12-29T19:22:23.680316
Top-P 1.0 (Base),0.7,1.0,A,2025-12-29T19:22:26.097569
Top-P 1.0 (Base),0.7,1.0,A.,2025-12-29T19:22:28.514881
Top-P 1.0 (Base),0.7,1.0,D,2025-12-29T19:22:30.938562
Top-P 1.0 (Base),0.7,1.0,A,2025-12-29T19:22:33.348903
Top-P 1.0 (Base),0.7,1.0,A,2025-12-29T19:22:35.806959
Top-P 1.0 (Base),0.7,1.0,A.,2025-12-29T19:22:38.220637
Top-P 1.0 (Base),0.7,1.0,C,2025-12-29T19:22:40.719165
Top-P 1.0 (Base),0.7,1.0,A,2025-12-29T19:22:43.174798
Top-P 1.0 (Base),0.7,1.0,A,2025-12-29T19:22:45.618202
Top-P 1.0 (Base),0.7,1.0,A,2025-12-29T19:22:48.028300
Top-P 1.0 (Base),0.7,1.0,A,2025-12-29T19:22:50.445748
Top-P 1.0 (Base),0.7,1.0,A,2025-12-29T19:22:52.869140
Top-P 1.0 (Base),0.7,1.0,A,2025-12-29T19:22:55.293730
Top-P 1.0 (Base),0.7,1.0,A,2025-12-29T19:22:57.736210
Top-P 1.0 (Base),0.7,1.0,A,2025-12-29T19:23:00.158597
Top-P 1.0 (Base),0.7,1.0,D,2025-12-29T19:23:02.596609
Top-P 1.0 (Base),0.7,1.0,A,2025-12-29T19:23:05.004832
Top-P 1.0 (Base),0.7,1.0,A,2025-12-29T19:23:07.426164
Top-P 1.0 (Base),0.7,1.0,A.,2025-12-29T19:23:09.866645
Top-P 1.0 (Base),0.7,1.0,A.,2025-12-29T19:23:12.280070
Top-P 1.0 (Base),0.7,1.0,A,2025-12-29T19:23:14.733366
Top-P 1.0 (Base),0.7,1.0,A.,2025-12-29T19:23:17.156228
Top-P 1.0 (Base),0.7,1.0,A,2025-12-29T19:23:19.568972
Top-P 1.0 (Base),0.7,1.0,A.,2025-12-29T19:23:21.986933
Top-P 1.0 (Base),0.7,1.0,A,2025-12-29T19:23:24.399848
Top-P 1.0 (Base),0.7,1.0,A,2025-12-29T19:23:26.823839
Top-P 1.0 (Base),0.7,1.0,A.,2025-12-29T19:23:29.231985
Top-P 1.0 (Base),0.7,1.0,A,2025-12-29T19:23:31.643497
Top-P 1.0 (Base),0.7,1.0,A,2025-12-29T19:23:34.066078
Top-P 1.0 (Base),0.7,1.0,A,2025-12-29T19:23:36.491513
Top-P 1.0 (Base),0.7,1.0,A,2025-12-29T19:23:38.916129
Top-P 1.0 (Base),0.7,1.0,A,2025-12-29T19:23:41.346990
Top-P 1.0 (Base),0.7,1.0,A,2025-12-29T19:23:43.756048
Top-P 1.0 (Base),0.7,1.0,A,2025-12-29T19:23:46.185374
Top-P 1.0 (Base),0.7,1.0,A,2025-12-29T19:23:48.592937
Top-P 1.0 (Base),0.7,1.0,A,2025-12-29T19:23:51.019655
Top-P 1.0 (Base),0.7,1.0,A,2025-12-29T19:23:53.422514
Top-P 1.0 (Base),0.7,1.0,A,2025-12-29T19:23:55.848938
Top-P 1.0 (Base),0.7,1.0,A.,2025-12-29T19:23:58.266484
Top-P 1.0 (Base),0.7,1.0,A,2025-12-29T19:24:00.673623
Top-P 1.0 (Base),0.7,1.0,A,2025-12-29T19:24:03.075840
Top-P 1.0 (Base),0.7,1.0,A,2025-12-29T19:24:05.477157
Top-P 1.0 (Base),0.7,1.0,A,2025-12-29T19:24:07.886743
Top-P 1.0 (Base),0.7,1.0,A,2025-12-29T19:24:10.312367
Top-P 1.0 (Base),0.7,1.0,A,2025-12-29T19:24:12.732027
Top-P 1.0 (Base),0.7,1.0,A.,2025-12-29T19:24:15.167308
Top-P 1.0 (Base),0.7,1.0,A,2025-12-29T19:24:17.572397
Top-P 1.0 (Base),0.7,1.0,A,2025-12-29T19:24:19.980962
Top-P 1.0 (Base),0.7,1.0,A,2025-12-29T19:24:22.394259
Top-P 1.0 (Base),0.7,1.0,A,2025-12-29T19:24:24.815373
Top-P 1.0 (Base),0.7,1.0,A,2025-12-29T19:24:27.240513
Top-P 1.0 (Base),0.7,1.0,A,2025-12-29T19:24:29.648997
Top-P 1.0 (Base),0.7,1.0,A,2025-12-29T19:24:32.062036
Top-P 1.0 (Base),0.7,1.0,A,2025-12-29T19:24:34.508470
Top-P 1.0 (Base),0.7,1.0,D,2025-12-29T19:24:36.917227
Top-P 1.0 (Base),0.7,1.0,A.,2025-12-29T19:24:39.320475
Top-P 1.0 (Base),0.7,1.0,A,2025-12-29T19:24:41.744127
Top-P 1.0 (Base),0.7,1.0,A,2025-12-29T19:24:44.186280
Top-P 1.0 (Base),0.7,1.0,A,2025-12-29T19:24:46.629794
Top-P 1.0 (Base),0.7,1.0,A,2025-12-29T19:24:49.063191
Top-P 1.0 (Base),0.7,1.0,A,2025-12-29T19:24:51.457952
Top-P 1.0 (Base),0.7,1.0,A,2025-12-29T19:24:53.871884
Top-P 1.0 (Base),0.7,1.0,A,2025-12-29T19:24:56.286341
Top-P 1.0 (Base),0.7,1.0,A,2025-12-29T19:24:58.688136
Top-P 1.0 (Base),0.7,1.0,A,2025-12-29T19:25:01.104277
Top-P 1.0 (Base),0.7,1.0,A,2025-12-29T19:25:03.509302
Top-P 1.0 (Base),0.7,1.0,A,2025-12-29T19:25:05.927797
Top-P 1.0 (Base),0.7,1.0,A,2025-12-29T19:25:08.338523
Top-P 1.0 (Base),0.7,1.0,A,2025-12-29T19:25:10.771052
Top-P 1.0 (Base),0.7,1.0,A,2025-12-29T19:25:13.203020
Top-P 1.0 (Base),0.7,1.0,A,2025-12-29T19:25:15.613175
Top-P 1.0 (Base),0.7,1.0,A.,2025-12-29T19:25:18.049535
Top-P 1.0 (Base),0.7,1.0,A,2025-12-29T19:25:20.457874
Top-P 1.0 (Base),0.7,1.0,A.,2025-12-29T19:25:22.867220
Top-P 1.0 (Base),0.7,1.0,A,2025-12-29T19:25:25.312132
Top-P 1.0 (Base),0.7,1.0,A,2025-12-29T19:25:27.737479
Top-P 1.0 (Base),0.7,1.0,A.,2025-12-29T19:25:30.191066
Top-P 1.0 (Base),0.7,1.0,A,2025-12-29T19:25:32.599953
Top-P 1.0 (Base),0.7,1.0,A,2025-12-29T19:25:35.021760
Top-P 1.0 (Base),0.7,1.0,A,2025-12-29T19:25:37.485186
Top-P 1.0 (Base),0.7,1.0,A,2025-12-29T19:25:39.908869
Top-P 1.0 (Base),0.7,1.0,A,2025-12-29T19:25:42.348671
Top-P 1.0 (Base),0.7,1.0,A,2025-12-29T19:25:44.756740
Top-P 1.0 (Base),0.7,1.0,A,2025-12-29T19:25:47.165342
Top-P 1.0 (Base),0.7,1.0,A,2025-12-29T19:25:49.591888
Top-P 1.0 (Base),0.7,1.0,C,2025-12-29T19:25:52.020877
Top-P 1.0 (Base),0.7,1.0,A,2025-12-29T19:25:54.477849
Top-P 1.0 (Base),0.7,1.0,A,2025-12-29T19:25:56.890388
Top-P 1.0 (Base),0.7,1.0,A,2025-12-29T19:25:59.326065
Top-P 1.0 (Base),0.7,1.0,A,2025-12-29T19:26:01.730495
Top-P 1.0 (Base),0.7,1.0,A,2025-12-29T19:26:04.146710
Top-P 1.0 (Base),0.7,1.0,A,2025-12-29T19:26:06.587742
Top-P 1.0 (Base),0.7,1.0,A.,2025-12-29T19:26:09.022232
Top-P 1.0 (Base),0.7,1.0,A,2025-12-29T19:26:11.436518
Top-P 1.0 (Base),0.7,1.0,A,2025-12-29T19:26:13.864333
Top-P 1.0 (Base),0.7,1.0,A,2025-12-29T19:26:16.281893
Top-P 1.0 (Base),0.7,1.0,A,2025-12-29T19:26:18.716782
Top-P 1.0 (Base),0.7,1.0,A,2025-12-29T19:26:21.146253
Top-P 1.0 (Base),0.7,1.0,A,2025-12-29T19:26:23.555312
Top-P 1.0 (Base),0.7,1.0,A,2025-12-29T19:26:25.961755
Top-P 1.0 (Base),0.7,1.0,A,2025-12-29T19:26:28.404708
Top-P 1.0 (Base),0.7,1.0,A,2025-12-29T19:26:30.861693
Top-P 1.0 (Base),0.7,1.0,A,2025-12-29T19:26:33.269883
Top-P 1.0 (Base),0.7,1.0,A,2025-12-29T19:26:35.674432
Top-P 1.0 (Base),0.7,1.0,A,2025-12-29T19:26:38.087393
Top-P 0.9,0.7,0.9,A,2025-12-29T19:26:40.504491
Top-P 0.9,0.7,0.9,A,2025-12-29T19:26:42.911638
Top-P 0.9,0.7,0.9,A,2025-12-29T19:26:45.332083
Top-P 0.9,0.7,0.9,A,2025-12-29T19:26:47.742771
Top-P 0.9,0.7,0.9,A,2025-12-29T19:26:50.154430
Top-P 0.9,0.7,0.9,A,2025-12-29T19:26:52.624548
Top-P 0.9,0.7,0.9,A,2025-12-29T19:26:55.042674
Top-P 0.9,0.7,0.9,A,2025-12-29T19:26:57.465896
Top-P 0.9,0.7,0.9,A,2025-12-29T19:26:59.892621
Top-P 0.9,0.7,0.9,A,2025-12-29T19:27:02.314197
Top-P 0.9,0.7,0.9,A,2025-12-29T19:27:04.730130
Top-P 0.9,0.7,0.9,A,2025-12-29T19:27:07.125927
Top-P 0.9,0.7,0.9,A,2025-12-29T19:27:09.543882
Top-P 0.9,0.7,0.9,A,2025-12-29T19:27:11.967908
Top-P 0.9,0.7,0.9,A,2025-12-29T19:27:14.376146
Top-P 0.9,0.7,0.9,A,2025-12-29T19:27:16.853592
Top-P 0.9,0.7,0.9,A,2025-12-29T19:27:19.248118
Top-P 0.9,0.7,0.9,A,2025-12-29T19:27:21.658311
Top-P 0.9,0.7,0.9,A,2025-12-29T19:27:24.053447
Top-P 0.9,0.7,0.9,A,2025-12-29T19:27:26.462667
Top-P 0.9,0.7,0.9,A,2025-12-29T19:27:28.843395
Top-P 0.9,0.7,0.9,A,2025-12-29T19:27:31.242718
Top-P 0.9,0.7,0.9,A,2025-12-29T19:27:33.633162
Top-P 0.9,0.7,0.9,A,2025-12-29T19:27:36.024248
Top-P 0.9,0.7,0.9,A,2025-12-29T19:27:38.409583
Top-P 0.9,0.7,0.9,A,2025-12-29T19:27:40.806300
Top-P 0.9,0.7,0.9,A,2025-12-29T19:27:43.206489
Top-P 0.9,0.7,0.9,A,2025-12-29T19:27:45.619448
Top-P 0.9,0.7,0.9,A,2025-12-29T19:27:48.006664
Top-P 0.9,0.7,0.9,A,2025-12-29T19:27:50.408382
Top-P 0.9,0.7,0.9,A,2025-12-29T19:27:52.805204
Top-P 0.9,0.7,0.9,A,2025-12-29T19:27:55.199262
Top-P 0.9,0.7,0.9,A,2025-12-29T19:27:57.598069
Top-P 0.9,0.7,0.9,A,2025-12-29T19:27:59.986626
Top-P 0.9,0.7,0.9,A,2025-12-29T19:28:02.378187
Top-P 0.9,0.7,0.9,A,2025-12-29T19:28:04.796269
Top-P 0.9,0.7,0.9,A,2025-12-29T19:28:07.193620
Top-P 0.9,0.7,0.9,A,2025-12-29T19:28:09.594620
Top-P 0.9,0.7,0.9,A,2025-12-29T19:28:11.995379
Top-P 0.9,0.7,0.9,A,2025-12-29T19:28:14.401651
Top-P 0.9,0.7,0.9,A,2025-12-29T19:28:16.804039
Top-P 0.9,0.7,0.9,A,2025-12-29T19:28:19.206694
Top-P 0.9,0.7,0.9,A,2025-12-29T19:28:21.602357
Top-P 0.9,0.7,0.9,A,2025-12-29T19:28:24.016160
Top-P 0.9,0.7,0.9,A,2025-12-29T19:28:26.406987
Top-P 0.9,0.7,0.9,A,2025-12-29T19:28:28.841871
Top-P 0.9,0.7,0.9,A,2025-12-29T19:28:31.241311
Top-P 0.9,0.7,0.9,A,2025-12-29T19:28:33.684825
Top-P 0.9,0.7,0.9,A,2025-12-29T19:28:36.065488
Top-P 0.9,0.7,0.9,A,2025-12-29T19:28:38.457943
Top-P 0.9,0.7,0.9,A,2025-12-29T19:28:40.857081
Top-P 0.9,0.7,0.9,A,2025-12-29T19:28:43.284554
Top-P 0.9,0.7,0.9,A,2025-12-29T19:28:45.675428
Top-P 0.9,0.7,0.9,A,2025-12-29T19:28:48.078074
Top-P 0.9,0.7,0.9,A,2025-12-29T19:28:50.482742
Top-P 0.9,0.7,0.9,A,2025-12-29T19:28:52.879338
Top-P 0.9,0.7,0.9,A,2025-12-29T19:28:55.271686
Top-P 0.9,0.7,0.9,A,2025-12-29T19:28:57.653005
Top-P 0.9,0.7,0.9,A,2025-12-29T19:29:00.085504
Top-P 0.9,0.7,0.9,A,2025-12-29T19:29:02.483866
Top-P 0.9,0.7,0.9,A,2025-12-29T19:29:04.888912
Top-P 0.9,0.7,0.9,A,2025-12-29T19:29:07.271725
Top-P 0.9,0.7,0.9,A,2025-12-29T19:29:09.681313
Top-P 0.9,0.7,0.9,A,2025-12-29T19:29:12.112340
Top-P 0.9,0.7,0.9,A,2025-12-29T19:29:14.506213
Top-P 0.9,0.7,0.9,A,2025-12-29T19:29:16.913792
Top-P 0.9,0.7,0.9,A,2025-12-29T19:29:19.314242
Top-P 0.9,0.7,0.9,A,2025-12-29T19:29:21.719129
Top-P 0.9,0.7,0.9,A,2025-12-29T19:29:24.128457
Top-P 0.9,0.7,0.9,A,2025-12-29T19:29:26.571115
Top-P 0.9,0.7,0.9,A,2025-12-29T19:29:28.953465
Top-P 0.9,0.7,0.9,A,2025-12-29T19:29:31.338862
Top-P 0.9,0.7,0.9,A,2025-12-29T19:29:33.739730
Top-P 0.9,0.7,0.9,A,2025-12-29T19:29:36.139110
Top-P 0.9,0.7,0.9,A,2025-12-29T19:29:38.584459
Top-P 0.9,0.7,0.9,A,2025-12-29T19:29:40.987369
Top-P 0.9,0.7,0.9,A,2025-12-29T19:29:43.395293
Top-P 0.9,0.7,0.9,A,2025-12-29T19:29:45.791871
Top-P 0.9,0.7,0.9,A,2025-12-29T19:29:48.180495
Top-P 0.9,0.7,0.9,A,2025-12-29T19:29:50.572733
Top-P 0.9,0.7,0.9,A,2025-12-29T19:29:52.968497
Top-P 0.9,0.7,0.9,A,2025-12-29T19:29:55.393742
Top-P 0.9,0.7,0.9,A,2025-12-29T19:29:57.791119
Top-P 0.9,0.7,0.9,A,2025-12-29T19:30:00.190595
Top-P 0.9,0.7,0.9,A,2025-12-29T19:30:02.600045
Top-P 0.9,0.7,0.9,A,2025-12-29T19:30:05.005341
Top-P 0.9,0.7,0.9,A,2025-12-29T19:30:07.390581
Top-P 0.9,0.7,0.9,A,2025-12-29T19:30:09.802268
Top-P 0.9,0.7,0.9,A,2025-12-29T19:30:12.198098
Top-P 0.9,0.7,0.9,A,2025-12-29T19:30:14.643857
Top-P 0.9,0.7,0.9,A,2025-12-29T19:30:17.063882
Top-P 0.9,0.7,0.9,A,2025-12-29T19:30:19.463153
Top-P 0.9,0.7,0.9,A,2025-12-29T19:30:21.861616
Top-P 0.9,0.7,0.9,A,2025-12-29T19:30:24.252384
Top-P 0.9,0.7,0.9,A,2025-12-29T19:30:26.652418
Top-P 0.9,0.7,0.9,A,2025-12-29T19:30:29.048325
Top-P 0.9,0.7,0.9,A,2025-12-29T19:30:31.436249
Top-P 0.9,0.7,0.9,A,2025-12-29T19:30:33.834737
Top-P 0.9,0.7,0.9,A,2025-12-29T19:30:36.221450
Top-P 0.9,0.7,0.9,A,2025-12-29T19:30:38.615072
Top-P 0.9,0.7,0.9,A,2025-12-29T19:30:40.995733
Top-P 0.9,0.7,0.9,A,2025-12-29T19:30:43.394078
Top-P 0.9,0.7,0.9,A,2025-12-29T19:30:45.789081
Top-P 0.9,0.7,0.9,A,2025-12-29T19:30:48.178340
Top-P 0.9,0.7,0.9,A,2025-12-29T19:30:50.572756
Top-P 0.9,0.7,0.9,A,2025-12-29T19:30:52.964571
Top-P 0.9,0.7,0.9,A,2025-12-29T19:30:55.381318
Top-P 0.9,0.7,0.9,A,2025-12-29T19:30:57.774954
Top-P 0.9,0.7,0.9,A,2025-12-29T19:31:00.162551
Top-P 0.9,0.7,0.9,A,2025-12-29T19:31:02.548228
Top-P 0.9,0.7,0.9,A,2025-12-29T19:31:04.946885
Top-P 0.9,0.7,0.9,A,2025-12-29T19:31:07.348922
Top-P 0.9,0.7,0.9,A,2025-12-29T19:31:09.747802
Top-P 0.9,0.7,0.9,A,2025-12-29T19:31:12.133643
Top-P 0.9,0.7,0.9,A,2025-12-29T19:31:14.539451
Top-P 0.9,0.7,0.9,A,2025-12-29T19:31:16.926729
Top-P 0.9,0.7,0.9,A,2025-12-29T19:31:19.321039
Top-P 0.9,0.7,0.9,A,2025-12-29T19:31:21.721429
Top-P 0.9,0.7,0.9,A,2025-12-29T19:31:24.128161
Top-P 0.9,0.7,0.9,A,2025-12-29T19:31:26.520684
Top-P 0.9,0.7,0.9,A,2025-12-29T19:31:28.916843
Top-P 0.9,0.7,0.9,A,2025-12-29T19:31:31.303842
Top-P 0.9,0.7,0.9,A,2025-12-29T19:31:33.713717
Top-P 0.9,0.7,0.9,A,2025-12-29T19:31:36.103008
Top-P 0.9,0.7,0.9,A,2025-12-29T19:31:38.486886
Top-P 0.9,0.7,0.9,A,2025-12-29T19:31:40.892129
Top-P 0.9,0.7,0.9,A,2025-12-29T19:31:43.300995
Top-P 0.9,0.7,0.9,A,2025-12-29T19:31:45.693185
Top-P 0.9,0.7,0.9,A,2025-12-29T19:31:48.092301
Top-P 0.9,0.7,0.9,A,2025-12-29T19:31:50.499029
Top-P 0.9,0.7,0.9,A,2025-12-29T19:31:52.905324
Top-P 0.9,0.7,0.9,A,2025-12-29T19:31:55.308452
Top-P 0.9,0.7,0.9,A,2025-12-29T19:31:57.712158
Top-P 0.9,0.7,0.9,A,2025-12-29T19:32:00.112084
Top-P 0.9,0.7,0.9,A,2025-12-29T19:32:02.506736
Top-P 0.9,0.7,0.9,A,2025-12-29T19:32:04.925966
Top-P 0.9,0.7,0.9,A,2025-12-29T19:32:07.328463
Top-P 0.9,0.7,0.9,A,2025-12-29T19:32:09.727768
Top-P 0.9,0.7,0.9,A,2025-12-29T19:32:12.117689
Top-P 0.9,0.7,0.9,A,2025-12-29T19:32:14.503369
Top-P 0.9,0.7,0.9,A,2025-12-29T19:32:16.914628
Top-P 0.9,0.7,0.9,A,2025-12-29T19:32:19.321913
Top-P 0.9,0.7,0.9,A,2025-12-29T19:32:21.925099
Top-P 0.9,0.7,0.9,A,2025-12-29T19:32:24.302740
Top-P 0.9,0.7,0.9,A,2025-12-29T19:32:26.703466
Top-P 0.9,0.7,0.9,A,2025-12-29T19:32:29.101979
Top-P 0.9,0.7,0.9,A,2025-12-29T19:32:31.494443
Top-P 0.9,0.7,0.9,A,2025-12-29T19:32:33.879202
Top-P 0.9,0.7,0.9,A,2025-12-29T19:32:36.279846
Top-P 0.9,0.7,0.9,A,2025-12-29T19:32:38.681343
Top-P 0.9,0.7,0.9,A,2025-12-29T19:32:41.101367
Top-P 0.9,0.7,0.9,A,2025-12-29T19:32:43.499764
Top-P 0.9,0.7,0.9,A,2025-12-29T19:32:45.893684
Top-P 0.9,0.7,0.9,A,2025-12-29T19:32:48.285721
Top-P 0.9,0.7,0.9,A,2025-12-29T19:32:50.671977
Top-P 0.9,0.7,0.9,A,2025-12-29T19:32:53.067594
Top-P 0.9,0.7,0.9,A,2025-12-29T19:32:55.467713
Top-P 0.9,0.7,0.9,A,2025-12-29T19:32:57.862798
Top-P 0.9,0.7,0.9,A,2025-12-29T19:33:00.251303
Top-P 0.9,0.7,0.9,A,2025-12-29T19:33:02.638861
Top-P 0.9,0.7,0.9,A,2025-12-29T19:33:05.040744
Top-P 0.9,0.7,0.9,A,2025-12-29T19:33:07.431673
Top-P 0.9,0.7,0.9,A,2025-12-29T19:33:09.821204
Top-P 0.9,0.7,0.9,A,2025-12-29T19:33:12.224249
Top-P 0.9,0.7,0.9,A,2025-12-29T19:33:14.617708
Top-P 0.9,0.7,0.9,A,2025-12-29T19:33:17.017339
Top-P 0.9,0.7,0.9,A,2025-12-29T19:33:19.416808
Top-P 0.9,0.7,0.9,A,2025-12-29T19:33:21.800538
Top-P 0.9,0.7,0.9,A,2025-12-29T19:33:24.184585
Top-P 0.9,0.7,0.9,A,2025-12-29T19:33:26.590266
Top-P 0.9,0.7,0.9,A,2025-12-29T19:33:28.987677
Top-P 0.9,0.7,0.9,A,2025-12-29T19:33:31.397511
Top-P 0.9,0.7,0.9,A,2025-12-29T19:33:33.790311
Top-P 0.9,0.7,0.9,A,2025-12-29T19:33:36.187894
Top-P 0.9,0.7,0.9,A,2025-12-29T19:33:38.586446
Top-P 0.9,0.7,0.9,A,2025-12-29T19:33:41.020327
Top-P 0.9,0.7,0.9,A,2025-12-29T19:33:43.418389
Top-P 0.9,0.7,0.9,A,2025-12-29T19:33:45.799426
Top-P 0.9,0.7,0.9,A,2025-12-29T19:33:48.188002
Top-P 0.9,0.7,0.9,A,2025-12-29T19:33:50.599969
Top-P 0.9,0.7,0.9,A,2025-12-29T19:33:52.995463
Top-P 0.9,0.7,0.9,A,2025-12-29T19:33:55.395197
Top-P 0.9,0.7,0.9,A,2025-12-29T19:33:57.788709
Top-P 0.9,0.7,0.9,A,2025-12-29T19:34:00.190511
Top-P 0.9,0.7,0.9,A,2025-12-29T19:34:02.590403
Top-P 0.9,0.7,0.9,A,2025-12-29T19:34:04.986105
Top-P 0.9,0.7,0.9,A,2025-12-29T19:34:07.382020
Top-P 0.9,0.7,0.9,A,2025-12-29T19:34:09.771645
Top-P 0.9,0.7,0.9,A,2025-12-29T19:34:12.168933
Top-P 0.9,0.7,0.9,A,2025-12-29T19:34:14.561957
Top-P 0.9,0.7,0.9,A,2025-12-29T19:34:16.947031
Top-P 0.9,0.7,0.9,A,2025-12-29T19:34:19.350828
Top-P 0.9,0.7,0.9,A,2025-12-29T19:34:21.753057
Top-P 0.9,0.7,0.9,A,2025-12-29T19:34:24.147566
Top-P 0.9,0.7,0.9,A,2025-12-29T19:34:26.543133
Top-P 0.9,0.7,0.9,A,2025-12-29T19:34:28.939186
Top-P 0.9,0.7,0.9,A,2025-12-29T19:34:31.330355
Top-P 0.9,0.7,0.9,A,2025-12-29T19:34:33.732418
Top-P 0.9,0.7,0.9,A,2025-12-29T19:34:36.117040
Top-P 0.9,0.7,0.9,A,2025-12-29T19:34:38.528485
Top-P 0.9,0.7,0.9,A,2025-12-29T19:34:40.945752
Top-P 0.9,0.7,0.9,A,2025-12-29T19:34:43.342912
Top-P 0.9,0.7,0.9,A,2025-12-29T19:34:45.736809
Top-P 0.9,0.7,0.9,A,2025-12-29T19:34:48.120727
Top-P 0.9,0.7,0.9,A,2025-12-29T19:34:50.522215
Top-P 0.9,0.7,0.9,A,2025-12-29T19:34:52.917875
Top-P 0.9,0.7,0.9,A,2025-12-29T19:34:55.295645
Top-P 0.9,0.7,0.9,A,2025-12-29T19:34:57.687307
Top-P 0.9,0.7,0.9,A,2025-12-29T19:35:00.093041
Top-P 0.9,0.7,0.9,A,2025-12-29T19:35:02.479654
Top-P 0.9,0.7,0.9,A,2025-12-29T19:35:04.883404
Top-P 0.9,0.7,0.9,A,2025-12-29T19:35:07.273343
Top-P 0.9,0.7,0.9,A,2025-12-29T19:35:09.667548
Top-P 0.9,0.7,0.9,A,2025-12-29T19:35:12.061585
Top-P 0.9,0.7,0.9,A,2025-12-29T19:35:14.459455
Top-P 0.9,0.7,0.9,A,2025-12-29T19:35:16.854445
Top-P 0.9,0.7,0.9,A,2025-12-29T19:35:19.261871
Top-P 0.9,0.7,0.9,A,2025-12-29T19:35:21.652108
Top-P 0.9,0.7,0.9,A,2025-12-29T19:35:24.059004
Top-P 0.9,0.7,0.9,A,2025-12-29T19:35:26.445712
Top-P 0.9,0.7,0.9,A,2025-12-29T19:35:28.832852
Top-P 0.9,0.7,0.9,A,2025-12-29T19:35:31.236587
Top-P 0.9,0.7,0.9,A,2025-12-29T19:35:33.741055
Top-P 0.9,0.7,0.9,A,2025-12-29T19:35:36.125843
Top-P 0.9,0.7,0.9,A,2025-12-29T19:35:38.530338
Top-P 0.9,0.7,0.9,A,2025-12-29T19:35:40.928128
Top-P 0.9,0.7,0.9,A,2025-12-29T19:35:43.315655
Top-P 0.9,0.7,0.9,A,2025-12-29T19:35:45.718944
Top-P 0.9,0.7,0.9,A,2025-12-29T19:35:48.117390
Top-P 0.9,0.7,0.9,A,2025-12-29T19:35:50.509974
Top-P 0.9,0.7,0.9,A,2025-12-29T19:35:52.909514
Top-P 0.9,0.7,0.9,A,2025-12-29T19:35:55.312967
Top-P 0.9,0.7,0.9,A,2025-12-29T19:35:57.713049
Top-P 0.9,0.7,0.9,A,2025-12-29T19:36:00.107110
Top-P 0.9,0.7,0.9,A,2025-12-29T19:36:02.486932
Top-P 0.9,0.7,0.9,A,2025-12-29T19:36:04.897716
Top-P 0.9,0.7,0.9,A,2025-12-29T19:36:07.286252
Top-P 0.9,0.7,0.9,A,2025-12-29T19:36:09.669718
Top-P 0.9,0.7,0.9,A,2025-12-29T19:36:12.060002
Top-P 0.9,0.7,0.9,A,2025-12-29T19:36:14.448091
Top-P 0.9,0.7,0.9,A,2025-12-29T19:36:16.845056
Top-P 0.9,0.7,0.9,A,2025-12-29T19:36:19.251345
Top-P 0.9,0.7,0.9,A,2025-12-29T19:36:21.656312
Top-P 0.9,0.7,0.9,A,2025-12-29T19:36:24.059596
Top-P 0.9,0.7,0.9,A,2025-12-29T19:36:26.466245
Top-P 0.9,0.7,0.9,A,2025-12-29T19:36:28.862473
Top-P 0.9,0.7,0.9,A,2025-12-29T19:36:31.259733
Top-P 0.9,0.7,0.9,A,2025-12-29T19:36:33.641364
Top-P 0.9,0.7,0.9,A,2025-12-29T19:36:36.053809
Top-P 0.9,0.7,0.9,A,2025-12-29T19:36:38.456173
Top-P 0.9,0.7,0.9,A,2025-12-29T19:36:40.851063
Top-P 0.9,0.7,0.9,A,2025-12-29T19:36:43.245462
Top-P 0.9,0.7,0.9,A,2025-12-29T19:36:45.653857
Top-P 0.9,0.7,0.9,A,2025-12-29T19:36:48.045442
Top-P 0.9,0.7,0.9,A,2025-12-29T19:36:50.452510
Top-P 0.9,0.7,0.9,A,2025-12-29T19:36:52.852762
Top-P 0.9,0.7,0.9,A,2025-12-29T19:36:55.242939
Top-P 0.9,0.7,0.9,A,2025-12-29T19:36:57.630048
Top-P 0.9,0.7,0.9,A,2025-12-29T19:37:00.031774
Top-P 0.9,0.7,0.9,A,2025-12-29T19:37:02.420065
Top-P 0.9,0.7,0.9,A,2025-12-29T19:37:04.829210
Top-P 0.9,0.7,0.9,A,2025-12-29T19:37:07.221205
Top-P 0.9,0.7,0.9,A,2025-12-29T19:37:09.633633
Top-P 0.9,0.7,0.9,A,2025-12-29T19:37:12.021754
Top-P 0.9,0.7,0.9,A,2025-12-29T19:37:14.420886
Top-P 0.9,0.7,0.9,A,2025-12-29T19:37:16.823000
Top-P 0.9,0.7,0.9,A,2025-12-29T19:37:19.221878
Top-P 0.9,0.7,0.9,A,2025-12-29T19:37:21.617881
Top-P 0.9,0.7,0.9,A,2025-12-29T19:37:24.016476
Top-P 0.9,0.7,0.9,A,2025-12-29T19:37:26.407571
Top-P 0.9,0.7,0.9,A,2025-12-29T19:37:28.798150
Top-P 0.9,0.7,0.9,A,2025-12-29T19:37:31.210010
Top-P 0.9,0.7,0.9,A,2025-12-29T19:37:33.603142
Top-P 0.9,0.7,0.9,A,2025-12-29T19:37:36.002427
Top-P 0.9,0.7,0.9,A,2025-12-29T19:37:38.408227
Top-P 0.9,0.7,0.9,A,2025-12-29T19:37:40.799984
Top-P 0.9,0.7,0.9,A,2025-12-29T19:37:43.190734
Top-P 0.9,0.7,0.9,A,2025-12-29T19:37:45.596369
Top-P 0.9,0.7,0.9,A,2025-12-29T19:37:48.000746
Top-P 0.9,0.7,0.9,A,2025-12-29T19:37:50.398918
Top-P 0.9,0.7,0.9,A,2025-12-29T19:37:52.788753
Top-P 0.9,0.7,0.9,A,2025-12-29T19:37:55.185891
Top-P 0.9,0.7,0.9,A,2025-12-29T19:37:57.583938
Top-P 0.9,0.7,0.9,A,2025-12-29T19:38:00.008630
Top-P 0.9,0.7,0.9,A,2025-12-29T19:38:02.426726
Top-P 0.9,0.7,0.9,A,2025-12-29T19:38:04.823506
Top-P 0.9,0.7,0.9,A,2025-12-29T19:38:07.225668
Top-P 0.9,0.7,0.9,A,2025-12-29T19:38:09.626515
Top-P 0.9,0.7,0.9,A,2025-12-29T19:38:12.028395
Top-P 0.9,0.7,0.9,A,2025-12-29T19:38:14.421846
Top-P 0.9,0.7,0.9,A,2025-12-29T19:38:16.827275
Top-P 0.9,0.7,0.9,A,2025-12-29T19:38:19.228855
Top-P 0.9,0.7,0.9,A,2025-12-29T19:38:21.630663
Top-P 0.9,0.7,0.9,A,2025-12-29T19:38:24.028816
Top-P 0.9,0.7,0.9,A,2025-12-29T19:38:26.424150
Top-P 0.9,0.7,0.9,A,2025-12-29T19:38:28.826424
Top-P 0.9,0.7,0.9,A,2025-12-29T19:38:31.216280
Top-P 0.9,0.7,0.9,A,2025-12-29T19:38:33.633624
Top-P 0.9,0.7,0.9,A,2025-12-29T19:38:36.040374
Top-P 0.9,0.7,0.9,A,2025-12-29T19:38:38.446558
Top-P 0.9,0.7,0.9,A,2025-12-29T19:38:40.851573
Top-P 0.9,0.7,0.9,A,2025-12-29T19:38:43.240100
Top-P 0.9,0.7,0.9,A,2025-12-29T19:38:45.651767
Top-P 0.9,0.7,0.9,A,2025-12-29T19:38:48.044685
Top-P 0.9,0.7,0.9,A,2025-12-29T19:38:50.451826
Top-P 0.9,0.7,0.9,A,2025-12-29T19:38:52.852959
Top-P 0.9,0.7,0.9,A,2025-12-29T19:38:55.256952
Top-P 0.9,0.7,0.9,A,2025-12-29T19:38:57.658304
Top-P 0.9,0.7,0.9,A,2025-12-29T19:39:00.065842
Top-P 0.9,0.7,0.9,A,2025-12-29T19:39:02.470454
Top-P 0.9,0.7,0.9,A,2025-12-29T19:39:04.854213
Top-P 0.9,0.7,0.9,A,2025-12-29T19:39:07.253780
Top-P 0.9,0.7,0.9,A,2025-12-29T19:39:09.645154
Top-P 0.9,0.7,0.9,A,2025-12-29T19:39:12.056982
Top-P 0.9,0.7,0.9,A,2025-12-29T19:39:14.453950
Top-P 0.9,0.7,0.9,A,2025-12-29T19:39:16.853321
Top-P 0.9,0.7,0.9,A,2025-12-29T19:39:19.264467
Top-P 0.9,0.7,0.9,A,2025-12-29T19:39:21.653457
Top-P 0.9,0.7,0.9,A,2025-12-29T19:39:24.054337
Top-P 0.9,0.7,0.9,A,2025-12-29T19:39:26.451131
Top-P 0.9,0.7,0.9,A,2025-12-29T19:39:28.848661
Top-P 0.9,0.7,0.9,A,2025-12-29T19:39:31.241019
Top-P 0.9,0.7,0.9,A,2025-12-29T19:39:33.625176
Top-P 0.9,0.7,0.9,A,2025-12-29T19:39:36.018113
Top-P 0.9,0.7,0.9,A,2025-12-29T19:39:38.439094
Top-P 0.9,0.7,0.9,A,2025-12-29T19:39:40.849978
Top-P 0.9,0.7,0.9,A,2025-12-29T19:39:43.263397
Top-P 0.9,0.7,0.9,A,2025-12-29T19:39:45.653543
Top-P 0.9,0.7,0.9,A,2025-12-29T19:39:48.059560
Top-P 0.9,0.7,0.9,A,2025-12-29T19:39:50.453506
Top-P 0.9,0.7,0.9,A,2025-12-29T19:39:52.851439
Top-P 0.9,0.7,0.9,A,2025-12-29T19:39:55.252270
Top-P 0.9,0.7,0.9,A,2025-12-29T19:39:57.657694
Top-P 0.9,0.7,0.9,A,2025-12-29T19:40:00.050821
Top-P 0.9,0.7,0.9,A,2025-12-29T19:40:02.450301
Top-P 0.9,0.7,0.9,A,2025-12-29T19:40:04.851181
Top-P 0.9,0.7,0.9,A,2025-12-29T19:40:07.248137
Top-P 0.9,0.7,0.9,A,2025-12-29T19:40:09.648049
Top-P 0.9,0.7,0.9,A,2025-12-29T19:40:12.054803
Top-P 0.9,0.7,0.9,A,2025-12-29T19:40:14.467962
Top-P 0.9,0.7,0.9,A,2025-12-29T19:40:16.878499
Top-P 0.9,0.7,0.9,A,2025-12-29T19:40:19.312297
Top-P 0.9,0.7,0.9,A,2025-12-29T19:40:21.701896
Top-P 0.9,0.7,0.9,A,2025-12-29T19:40:24.095805
Top-P 0.9,0.7,0.9,A,2025-12-29T19:40:26.476448
Top-P 0.9,0.7,0.9,A,2025-12-29T19:40:28.873357
Top-P 0.9,0.7,0.9,A,2025-12-29T19:40:31.263258
Top-P 0.9,0.7,0.9,A,2025-12-29T19:40:33.672063
Top-P 0.9,0.7,0.9,A,2025-12-29T19:40:36.074746
Top-P 0.9,0.7,0.9,A,2025-12-29T19:40:38.484293
Top-P 0.9,0.7,0.9,A,2025-12-29T19:40:40.887782
Top-P 0.9,0.7,0.9,A,2025-12-29T19:40:43.665369
Top-P 0.9,0.7,0.9,A,2025-12-29T19:40:46.064881
Top-P 0.9,0.7,0.9,A,2025-12-29T19:40:48.468693
Top-P 0.9,0.7,0.9,A,2025-12-29T19:40:50.874628
Top-P 0.9,0.7,0.9,A,2025-12-29T19:40:53.271940
Top-P 0.9,0.7,0.9,A,2025-12-29T19:40:55.675619
Top-P 0.9,0.7,0.9,A,2025-12-29T19:40:58.059223
Top-P 0.9,0.7,0.9,A,2025-12-29T19:41:00.456487
Top-P 0.9,0.7,0.9,A,2025-12-29T19:41:02.841588
Top-P 0.9,0.7,0.9,A,2025-12-29T19:41:05.298320
Top-P 0.9,0.7,0.9,A,2025-12-29T19:41:07.696325
Top-P 0.9,0.7,0.9,A,2025-12-29T19:41:10.095545
Top-P 0.9,0.7,0.9,A,2025-12-29T19:41:12.864523
Top-P 0.9,0.7,0.9,A,2025-12-29T19:41:15.251763
Top-P 0.9,0.7,0.9,A,2025-12-29T19:41:17.661167
Top-P 0.9,0.7,0.9,A,2025-12-29T19:41:20.092525
Top-P 0.9,0.7,0.9,A,2025-12-29T19:41:22.488176
Top-P 0.9,0.7,0.9,A,2025-12-29T19:41:24.896563
Top-P 0.9,0.7,0.9,A,2025-12-29T19:41:27.669679
Top-P 0.9,0.7,0.9,A,2025-12-29T19:41:30.082057
Top-P 0.9,0.7,0.9,A,2025-12-29T19:41:33.291564
Top-P 0.9,0.7,0.9,A,2025-12-29T19:41:35.694565
Top-P 0.9,0.7,0.9,A,2025-12-29T19:41:38.083108
Top-P 0.9,0.7,0.9,A,2025-12-29T19:41:40.478566
Top-P 0.9,0.7,0.9,A,2025-12-29T19:41:42.949456
Top-P 0.9,0.7,0.9,A,2025-12-29T19:41:45.351793
Top-P 0.9,0.7,0.9,A,2025-12-29T19:41:47.792926
Top-P 0.9,0.7,0.9,A,2025-12-29T19:41:50.192260
Top-P 0.9,0.7,0.9,A,2025-12-29T19:41:52.600681
Top-P 0.9,0.7,0.9,A,2025-12-29T19:41:55.000668
Top-P 0.9,0.7,0.9,A,2025-12-29T19:41:57.403755
Top-P 0.9,0.7,0.9,A,2025-12-29T19:42:00.425410
Top-P 0.9,0.7,0.9,A,2025-12-29T19:42:02.832731
Top-P 0.9,0.7,0.9,A,2025-12-29T19:42:05.302177
Top-P 0.9,0.7,0.9,A,2025-12-29T19:42:07.710351
Top-P 0.9,0.7,0.9,A,2025-12-29T19:42:10.121400
Top-P 0.9,0.7,0.9,A,2025-12-29T19:42:12.516260
Top-P 0.9,0.7,0.9,A,2025-12-29T19:42:14.908984
Top-P 0.9,0.7,0.9,A,2025-12-29T19:42:17.314123
Top-P 0.9,0.7,0.9,A,2025-12-29T19:42:19.709545
Top-P 0.9,0.7,0.9,A,2025-12-29T19:42:23.955771
Top-P 0.9,0.7,0.9,A,2025-12-29T19:42:24.292456
Top-P 0.9,0.7,0.9,A,2025-12-29T19:42:26.697334
Top-P 0.9,0.7,0.9,A,2025-12-29T19:42:29.097423
Top-P 0.9,0.7,0.9,A,2025-12-29T19:42:31.510070
Top-P 0.9,0.7,0.9,A,2025-12-29T19:42:34.264760
Top-P 0.9,0.7,0.9,A,2025-12-29T19:42:36.648891
Top-P 0.9,0.7,0.9,A,2025-12-29T19:42:39.040943
Top-P 0.9,0.7,0.9,A,2025-12-29T19:42:41.443437
Top-P 0.9,0.7,0.9,A,2025-12-29T19:42:43.844059
Top-P 0.9,0.7,0.9,A,2025-12-29T19:42:46.252679
Top-P 0.9,0.7,0.9,A,2025-12-29T19:42:48.754595
Top-P 0.9,0.7,0.9,A,2025-12-29T19:42:51.159333
Top-P 0.9,0.7,0.9,A,2025-12-29T19:42:53.648663
Top-P 0.9,0.7,0.9,A,2025-12-29T19:42:56.053204
Top-P 0.9,0.7,0.9,A,2025-12-29T19:42:58.464512
Top-P 0.9,0.7,0.9,A,2025-12-29T19:43:02.148069
Top-P 0.9,0.7,0.9,A,2025-12-29T19:43:04.551243
Top-P 0.9,0.7,0.9,A,2025-12-29T19:43:06.946010
Top-P 0.9,0.7,0.9,A,2025-12-29T19:43:09.341301
Top-P 0.9,0.7,0.9,A,2025-12-29T19:43:11.736218
Top-P 0.9,0.7,0.9,A,2025-12-29T19:43:14.122330
Top-P 0.9,0.7,0.9,A,2025-12-29T19:43:16.536480
Top-P 0.9,0.7,0.9,A,2025-12-29T19:43:18.945685
Top-P 0.9,0.7,0.9,A,2025-12-29T19:43:21.347170
Top-P 0.9,0.7,0.9,A,2025-12-29T19:43:24.618707
Top-P 0.9,0.7,0.9,A,2025-12-29T19:43:27.024919
Top-P 0.9,0.7,0.9,A,2025-12-29T19:43:29.424694
Top-P 0.9,0.7,0.9,A,2025-12-29T19:43:31.846310
Top-P 0.9,0.7,0.9,A,2025-12-29T19:43:34.239085
Top-P 0.9,0.7,0.9,A,2025-12-29T19:43:36.972354
Top-P 0.9,0.7,0.9,A,2025-12-29T19:43:39.366787
Top-P 0.9,0.7,0.9,A,2025-12-29T19:43:41.768282
Top-P 0.9,0.7,0.9,A,2025-12-29T19:43:44.183738
Top-P 0.9,0.7,0.9,A,2025-12-29T19:43:46.580211
Top-P 0.9,0.7,0.9,A,2025-12-29T19:43:48.976211
Top-P 0.9,0.7,0.9,A,2025-12-29T19:43:51.388704
Top-P 0.9,0.7,0.9,A,2025-12-29T19:43:53.866568
Top-P 0.9,0.7,0.9,A,2025-12-29T19:43:56.361276
Top-P 0.9,0.7,0.9,A,2025-12-29T19:43:58.757279
Top-P 0.9,0.7,0.9,A,2025-12-29T19:44:01.165872
Top-P 0.9,0.7,0.9,A,2025-12-29T19:44:03.568255
Top-P 0.9,0.7,0.9,A,2025-12-29T19:44:05.966705
Top-P 0.9,0.7,0.9,A,2025-12-29T19:44:08.354638
Top-P 0.9,0.7,0.9,A,2025-12-29T19:44:10.758759
Top-P 0.9,0.7,0.9,A,2025-12-29T19:44:13.163522
Top-P 0.9,0.7,0.9,A,2025-12-29T19:44:15.564146
Top-P 0.9,0.7,0.9,A,2025-12-29T19:44:17.978795
Top-P 0.9,0.7,0.9,A,2025-12-29T19:44:20.385711
Top-P 0.9,0.7,0.9,A,2025-12-29T19:44:22.808191
Top-P 0.9,0.7,0.9,A,2025-12-29T19:44:25.196401
Top-P 0.9,0.7,0.9,A,2025-12-29T19:44:27.598854
Top-P 0.9,0.7,0.9,A,2025-12-29T19:44:30.530793
Top-P 0.9,0.7,0.9,A,2025-12-29T19:44:32.937733
Top-P 0.9,0.7,0.9,A,2025-12-29T19:44:35.927940
Top-P 0.9,0.7,0.9,A,2025-12-29T19:44:38.316953
Top-P 0.9,0.7,0.9,A,2025-12-29T19:44:40.710019
Top-P 0.9,0.7,0.9,A,2025-12-29T19:44:43.123215
Top-P 0.9,0.7,0.9,A,2025-12-29T19:44:45.524344
Top-P 0.9,0.7,0.9,A,2025-12-29T19:44:47.938753
Top-P 0.9,0.7,0.9,A,2025-12-29T19:44:50.346004
Top-P 0.9,0.7,0.9,A,2025-12-29T19:44:52.735120
Top-P 0.9,0.7,0.9,A,2025-12-29T19:44:55.141175
Top-P 0.9,0.7,0.9,A,2025-12-29T19:44:57.541963
Top-P 0.9,0.7,0.9,A,2025-12-29T19:44:59.947056
Top-P 0.9,0.7,0.9,A,2025-12-29T19:45:02.349407
Top-P 0.9,0.7,0.9,A,2025-12-29T19:45:04.748095
Top-P 0.9,0.7,0.9,A,2025-12-29T19:45:07.196813
Top-P 0.9,0.7,0.9,A,2025-12-29T19:45:09.594459
Top-P 0.9,0.7,0.9,A,2025-12-29T19:45:11.992217
Top-P 0.9,0.7,0.9,A,2025-12-29T19:45:14.384736
Top-P 0.9,0.7,0.9,A,2025-12-29T19:45:16.774094
Top-P 0.9,0.7,0.9,A,2025-12-29T19:45:19.172585
Top-P 0.9,0.7,0.9,A,2025-12-29T19:45:21.659159
Top-P 0.9,0.7,0.9,A,2025-12-29T19:45:24.060653
Top-P 0.9,0.7,0.9,A,2025-12-29T19:45:26.462150
Top-P 0.9,0.7,0.9,A,2025-12-29T19:45:28.865702
Top-P 0.9,0.7,0.9,A,2025-12-29T19:45:31.412189
Top-P 0.9,0.7,0.9,A,2025-12-29T19:45:33.820320
Top-P 0.9,0.7,0.9,A,2025-12-29T19:45:36.211018
Top-P 0.9,0.7,0.9,A,2025-12-29T19:45:38.606211
Top-P 0.9,0.7,0.9,A,2025-12-29T19:45:41.006074
Top-P 0.9,0.7,0.9,A,2025-12-29T19:45:43.400139
Top-P 0.9,0.7,0.9,A,2025-12-29T19:45:45.789500
Top-P 0.9,0.7,0.9,A,2025-12-29T19:45:48.248962
Top-P 0.9,0.7,0.9,A,2025-12-29T19:45:50.660868
Top-P 0.9,0.7,0.9,A,2025-12-29T19:45:53.079618
Top-P 0.9,0.7,0.9,A,2025-12-29T19:45:55.469115
Top-P 0.9,0.7,0.9,A,2025-12-29T19:45:57.857491
Top-P 0.9,0.7,0.9,A,2025-12-29T19:46:00.281181
Top-P 0.9,0.7,0.9,A,2025-12-29T19:46:02.671676
Top-P 0.9,0.7,0.9,A,2025-12-29T19:46:05.071149
Top-P 0.9,0.7,0.9,A,2025-12-29T19:46:07.467299
Top-P 0.9,0.7,0.9,A,2025-12-29T19:46:09.856416
Top-P 0.9,0.7,0.9,A,2025-12-29T19:46:12.700836
Top-P 0.9,0.7,0.9,A,2025-12-29T19:46:15.084216
Top-P 0.9,0.7,0.9,A,2025-12-29T19:46:17.469709
Top-P 0.9,0.7,0.9,A,2025-12-29T19:46:20.293439
Top-P 0.9,0.7,0.9,A,2025-12-29T19:46:22.688684
Top-P 0.9,0.7,0.9,A,2025-12-29T19:46:25.094109
Top-P 0.9,0.7,0.9,A,2025-12-29T19:46:27.496450
Top-P 0.9,0.7,0.9,A,2025-12-29T19:46:30.274349
Top-P 0.9,0.7,0.9,A,2025-12-29T19:46:32.665283
Top-P 0.9,0.7,0.9,A,2025-12-29T19:46:35.081715
Top-P 0.9,0.7,0.9,A,2025-12-29T19:46:37.473825
Top-P 0.9,0.7,0.9,A,2025-12-29T19:46:39.940179
Top-P 0.9,0.7,0.9,A,2025-12-29T19:46:42.498399
Top-P 0.9,0.7,0.9,A,2025-12-29T19:46:44.895460
Top-P 0.9,0.7,0.9,A,2025-12-29T19:46:47.291943
Top-P 0.6,0.7,0.6,A,2025-12-29T19:46:49.685522
Top-P 0.6,0.7,0.6,A,2025-12-29T19:46:52.738113
Top-P 0.6,0.7,0.6,A,2025-12-29T19:46:55.134153
Top-P 0.6,0.7,0.6,A,2025-12-29T19:46:57.536177
Top-P 0.6,0.7,0.6,A,2025-12-29T19:47:00.351522
Top-P 0.6,0.7,0.6,A,2025-12-29T19:47:02.739724
Top-P 0.6,0.7,0.6,A,2025-12-29T19:47:05.160690
Top-P 0.6,0.7,0.6,A,2025-12-29T19:47:07.549547
Top-P 0.6,0.7,0.6,A,2025-12-29T19:47:09.951029
Top-P 0.6,0.7,0.6,A,2025-12-29T19:47:12.351306
Top-P 0.6,0.7,0.6,A,2025-12-29T19:47:14.738881
Top-P 0.6,0.7,0.6,A,2025-12-29T19:47:17.130611
Top-P 0.6,0.7,0.6,A,2025-12-29T19:47:19.552034
Top-P 0.6,0.7,0.6,A,2025-12-29T19:47:21.949860
Top-P 0.6,0.7,0.6,A,2025-12-29T19:47:24.358174
Top-P 0.6,0.7,0.6,A,2025-12-29T19:47:26.813129
Top-P 0.6,0.7,0.6,A,2025-12-29T19:47:29.150866
Top-P 0.6,0.7,0.6,A,2025-12-29T19:47:31.496516
Top-P 0.6,0.7,0.6,A,2025-12-29T19:47:33.836393
Top-P 0.6,0.7,0.6,A,2025-12-29T19:47:36.178954
Top-P 0.6,0.7,0.6,A,2025-12-29T19:47:38.523504
Top-P 0.6,0.7,0.6,A,2025-12-29T19:47:40.851437
Top-P 0.6,0.7,0.6,A,2025-12-29T19:47:43.191907
Top-P 0.6,0.7,0.6,A,2025-12-29T19:47:45.532228
Top-P 0.6,0.7,0.6,A,2025-12-29T19:47:47.876089
Top-P 0.6,0.7,0.6,A,2025-12-29T19:47:50.223103
Top-P 0.6,0.7,0.6,A,2025-12-29T19:47:52.544801
Top-P 0.6,0.7,0.6,A,2025-12-29T19:47:54.879558
Top-P 0.6,0.7,0.6,A,2025-12-29T19:47:57.228033
Top-P 0.6,0.7,0.6,A,2025-12-29T19:47:59.572872
Top-P 0.6,0.7,0.6,A,2025-12-29T19:48:01.924366
Top-P 0.6,0.7,0.6,A,2025-12-29T19:48:04.265882
Top-P 0.6,0.7,0.6,A,2025-12-29T19:48:06.618126
Top-P 0.6,0.7,0.6,A,2025-12-29T19:48:08.963946
Top-P 0.6,0.7,0.6,A,2025-12-29T19:48:11.302814
Top-P 0.6,0.7,0.6,A,2025-12-29T19:48:13.681512
Top-P 0.6,0.7,0.6,A,2025-12-29T19:48:16.018761
Top-P 0.6,0.7,0.6,A,2025-12-29T19:48:18.366640
Top-P 0.6,0.7,0.6,A,2025-12-29T19:48:20.699413
Top-P 0.6,0.7,0.6,A,2025-12-29T19:48:23.039725
Top-P 0.6,0.7,0.6,A,2025-12-29T19:48:25.396323
Top-P 0.6,0.7,0.6,A,2025-12-29T19:48:27.749771
Top-P 0.6,0.7,0.6,A,2025-12-29T19:48:30.093604
Top-P 0.6,0.7,0.6,A,2025-12-29T19:48:32.477430
Top-P 0.6,0.7,0.6,A,2025-12-29T19:48:34.832586
Top-P 0.6,0.7,0.6,A,2025-12-29T19:48:37.173639
Top-P 0.6,0.7,0.6,A,2025-12-29T19:48:39.641401
Top-P 0.6,0.7,0.6,A,2025-12-29T19:48:41.995134
Top-P 0.6,0.7,0.6,A,2025-12-29T19:48:44.324584
Top-P 0.6,0.7,0.6,A,2025-12-29T19:48:46.694356
Top-P 0.6,0.7,0.6,A,2025-12-29T19:48:49.073620
Top-P 0.6,0.7,0.6,A,2025-12-29T19:48:51.430404
Top-P 0.6,0.7,0.6,A,2025-12-29T19:48:53.799663
Top-P 0.6,0.7,0.6,A,2025-12-29T19:48:56.138315
Top-P 0.6,0.7,0.6,A,2025-12-29T19:48:58.478959
Top-P 0.6,0.7,0.6,A,2025-12-29T19:49:00.835130
Top-P 0.6,0.7,0.6,A,2025-12-29T19:49:03.181473
Top-P 0.6,0.7,0.6,A,2025-12-29T19:49:05.517363
Top-P 0.6,0.7,0.6,A,2025-12-29T19:49:07.872705
Top-P 0.6,0.7,0.6,A,2025-12-29T19:49:10.218069
Top-P 0.6,0.7,0.6,A,2025-12-29T19:49:12.547344
Top-P 0.6,0.7,0.6,A,2025-12-29T19:49:14.873701
Top-P 0.6,0.7,0.6,A,2025-12-29T19:49:17.205289
Top-P 0.6,0.7,0.6,A,2025-12-29T19:49:19.532380
Top-P 0.6,0.7,0.6,A,2025-12-29T19:49:21.867252
Top-P 0.6,0.7,0.6,A,2025-12-29T19:49:24.202107
Top-P 0.6,0.7,0.6,A,2025-12-29T19:49:26.532642
Top-P 0.6,0.7,0.6,A,2025-12-29T19:49:28.879537
Top-P 0.6,0.7,0.6,A,2025-12-29T19:49:31.210005
Top-P 0.6,0.7,0.6,A,2025-12-29T19:49:33.552833
Top-P 0.6,0.7,0.6,A,2025-12-29T19:49:35.900589
Top-P 0.6,0.7,0.6,A,2025-12-29T19:49:38.231286
Top-P 0.6,0.7,0.6,A,2025-12-29T19:49:40.601264
Top-P 0.6,0.7,0.6,A,2025-12-29T19:49:43.015366
Top-P 0.6,0.7,0.6,A,2025-12-29T19:49:45.379571
Top-P 0.6,0.7,0.6,A,2025-12-29T19:49:47.712545
Top-P 0.6,0.7,0.6,A,2025-12-29T19:49:50.046235
Top-P 0.6,0.7,0.6,A,2025-12-29T19:49:52.413106
Top-P 0.6,0.7,0.6,A,2025-12-29T19:49:54.754594
Top-P 0.6,0.7,0.6,A,2025-12-29T19:49:57.109556
Top-P 0.6,0.7,0.6,A,2025-12-29T19:49:59.465538
Top-P 0.6,0.7,0.6,A,2025-12-29T19:50:01.938186
Top-P 0.6,0.7,0.6,A,2025-12-29T19:50:04.294031
Top-P 0.6,0.7,0.6,A,2025-12-29T19:50:06.649272
Top-P 0.6,0.7,0.6,A,2025-12-29T19:50:08.988264
Top-P 0.6,0.7,0.6,A,2025-12-29T19:50:11.313816
Top-P 0.6,0.7,0.6,A,2025-12-29T19:50:13.656005
Top-P 0.6,0.7,0.6,A,2025-12-29T19:50:15.989829
Top-P 0.6,0.7,0.6,A,2025-12-29T19:50:18.374978
Top-P 0.6,0.7,0.6,A,2025-12-29T19:50:20.741325
Top-P 0.6,0.7,0.6,A,2025-12-29T19:50:23.094315
Top-P 0.6,0.7,0.6,A,2025-12-29T19:50:25.445399
Top-P 0.6,0.7,0.6,A,2025-12-29T19:50:27.776243
Top-P 0.6,0.7,0.6,A,2025-12-29T19:50:30.148964
Top-P 0.6,0.7,0.6,A,2025-12-29T19:50:32.554632
Top-P 0.6,0.7,0.6,A,2025-12-29T19:50:34.898354
Top-P 0.6,0.7,0.6,A,2025-12-29T19:50:37.249286
Top-P 0.6,0.7,0.6,A,2025-12-29T19:50:39.594575
Top-P 0.6,0.7,0.6,A,2025-12-29T19:50:41.975445
Top-P 0.6,0.7,0.6,A,2025-12-29T19:50:44.324177
Top-P 0.6,0.7,0.6,A,2025-12-29T19:50:46.700873
Top-P 0.6,0.7,0.6,A,2025-12-29T19:50:49.057325
Top-P 0.6,0.7,0.6,A,2025-12-29T19:50:51.387010
Top-P 0.6,0.7,0.6,A,2025-12-29T19:50:53.738124
Top-P 0.6,0.7,0.6,A,2025-12-29T19:50:56.073175
Top-P 0.6,0.7,0.6,A,2025-12-29T19:50:58.433904
Top-P 0.6,0.7,0.6,A,2025-12-29T19:51:00.789312
Top-P 0.6,0.7,0.6,A,2025-12-29T19:51:03.118747
Top-P 0.6,0.7,0.6,A,2025-12-29T19:51:05.460417
Top-P 0.6,0.7,0.6,A,2025-12-29T19:51:07.796726
Top-P 0.6,0.7,0.6,A,2025-12-29T19:51:10.139407
Top-P 0.6,0.7,0.6,A,2025-12-29T19:51:12.489185
Top-P 0.6,0.7,0.6,A,2025-12-29T19:51:14.823727
Top-P 0.6,0.7,0.6,A,2025-12-29T19:51:17.196825
Top-P 0.6,0.7,0.6,A,2025-12-29T19:51:19.529495
Top-P 0.6,0.7,0.6,A,2025-12-29T19:51:21.860589
Top-P 0.6,0.7,0.6,A,2025-12-29T19:51:24.193705
Top-P 0.6,0.7,0.6,A,2025-12-29T19:51:26.526048
Top-P 0.6,0.7,0.6,A,2025-12-29T19:51:28.857025
Top-P 0.6,0.7,0.6,A,2025-12-29T19:51:31.250828
Top-P 0.6,0.7,0.6,A,2025-12-29T19:51:33.583388
Top-P 0.6,0.7,0.6,A,2025-12-29T19:51:35.930276
Top-P 0.6,0.7,0.6,A,2025-12-29T19:51:38.271919
Top-P 0.6,0.7,0.6,A,2025-12-29T19:51:40.618837
Top-P 0.6,0.7,0.6,A,2025-12-29T19:51:42.959992
Top-P 0.6,0.7,0.6,A,2025-12-29T19:51:45.300386
Top-P 0.6,0.7,0.6,A,2025-12-29T19:51:47.644406
Top-P 0.6,0.7,0.6,A,2025-12-29T19:51:50.029383
Top-P 0.6,0.7,0.6,A,2025-12-29T19:51:52.367178
Top-P 0.6,0.7,0.6,A,2025-12-29T19:51:54.702577
Top-P 0.6,0.7,0.6,A,2025-12-29T19:51:57.033730
Top-P 0.6,0.7,0.6,A,2025-12-29T19:51:59.407280
Top-P 0.6,0.7,0.6,A,2025-12-29T19:52:01.799562
Top-P 0.6,0.7,0.6,A,2025-12-29T19:52:04.146578
Top-P 0.6,0.7,0.6,A,2025-12-29T19:52:06.490158
Top-P 0.6,0.7,0.6,A,2025-12-29T19:52:08.852065
Top-P 0.6,0.7,0.6,A,2025-12-29T19:52:11.197480
Top-P 0.6,0.7,0.6,A,2025-12-29T19:52:13.533594
Top-P 0.6,0.7,0.6,A,2025-12-29T19:52:15.887841
Top-P 0.6,0.7,0.6,A,2025-12-29T19:52:18.255568
Top-P 0.6,0.7,0.6,A,2025-12-29T19:52:20.609283
Top-P 0.6,0.7,0.6,A,2025-12-29T19:52:22.967834
Top-P 0.6,0.7,0.6,A,2025-12-29T19:52:25.309346
Top-P 0.6,0.7,0.6,A,2025-12-29T19:52:27.666601
Top-P 0.6,0.7,0.6,A,2025-12-29T19:52:30.021272
Top-P 0.6,0.7,0.6,A,2025-12-29T19:52:32.386169
Top-P 0.6,0.7,0.6,A,2025-12-29T19:52:34.713825
Top-P 0.6,0.7,0.6,A,2025-12-29T19:52:37.049365
Top-P 0.6,0.7,0.6,A,2025-12-29T19:52:39.385156
Top-P 0.6,0.7,0.6,A,2025-12-29T19:52:41.728663
Top-P 0.6,0.7,0.6,A,2025-12-29T19:52:44.083517
Top-P 0.6,0.7,0.6,A,2025-12-29T19:52:46.424777
Top-P 0.6,0.7,0.6,A,2025-12-29T19:52:48.782605
Top-P 0.6,0.7,0.6,A,2025-12-29T19:52:51.119014
Top-P 0.6,0.7,0.6,A,2025-12-29T19:52:53.446880
Top-P 0.6,0.7,0.6,A,2025-12-29T19:52:55.804696
Top-P 0.6,0.7,0.6,A,2025-12-29T19:52:58.138887
Top-P 0.6,0.7,0.6,A,2025-12-29T19:53:00.462723
Top-P 0.6,0.7,0.6,A,2025-12-29T19:53:02.838022
Top-P 0.6,0.7,0.6,A,2025-12-29T19:53:05.192545
Top-P 0.6,0.7,0.6,A,2025-12-29T19:53:07.521723
Top-P 0.6,0.7,0.6,A,2025-12-29T19:53:09.844652
Top-P 0.6,0.7,0.6,A,2025-12-29T19:53:12.202586
Top-P 0.6,0.7,0.6,A,2025-12-29T19:53:14.524134
Top-P 0.6,0.7,0.6,A,2025-12-29T19:53:16.870599
Top-P 0.6,0.7,0.6,A,2025-12-29T19:53:19.236435
Top-P 0.6,0.7,0.6,A,2025-12-29T19:53:21.572582
Top-P 0.6,0.7,0.6,A,2025-12-29T19:53:23.906250
Top-P 0.6,0.7,0.6,A,2025-12-29T19:53:26.242581
Top-P 0.6,0.7,0.6,A,2025-12-29T19:53:28.597710
Top-P 0.6,0.7,0.6,A,2025-12-29T19:53:31.006965
Top-P 0.6,0.7,0.6,A,2025-12-29T19:53:33.483635
Top-P 0.6,0.7,0.6,A,2025-12-29T19:53:35.838798
Top-P 0.6,0.7,0.6,A,2025-12-29T19:53:38.271899
Top-P 0.6,0.7,0.6,A,2025-12-29T19:53:40.614686
Top-P 0.6,0.7,0.6,A,2025-12-29T19:53:42.986787
Top-P 0.6,0.7,0.6,A,2025-12-29T19:53:45.329895
Top-P 0.6,0.7,0.6,A,2025-12-29T19:53:47.676623
Top-P 0.6,0.7,0.6,A,2025-12-29T19:53:50.014861
Top-P 0.6,0.7,0.6,A,2025-12-29T19:53:52.354984
Top-P 0.6,0.7,0.6,A,2025-12-29T19:53:54.704788
Top-P 0.6,0.7,0.6,A,2025-12-29T19:53:57.043242
Top-P 0.6,0.7,0.6,A,2025-12-29T19:53:59.385834
Top-P 0.6,0.7,0.6,A,2025-12-29T19:54:01.743996
Top-P 0.6,0.7,0.6,A,2025-12-29T19:54:04.139880
Top-P 0.6,0.7,0.6,A,2025-12-29T19:54:06.470825
Top-P 0.6,0.7,0.6,A,2025-12-29T19:54:08.826877
Top-P 0.6,0.7,0.6,A,2025-12-29T19:54:11.173928
Top-P 0.6,0.7,0.6,A,2025-12-29T19:54:13.513489
Top-P 0.6,0.7,0.6,A,2025-12-29T19:54:15.860972
Top-P 0.6,0.7,0.6,A,2025-12-29T19:54:18.176545
Top-P 0.6,0.7,0.6,A,2025-12-29T19:54:20.860771
Top-P 0.6,0.7,0.6,A,2025-12-29T19:54:23.207303
Top-P 0.6,0.7,0.6,A,2025-12-29T19:54:25.666386
Top-P 0.6,0.7,0.6,A,2025-12-29T19:54:28.005053
Top-P 0.6,0.7,0.6,A,2025-12-29T19:54:30.365610
Top-P 0.6,0.7,0.6,A,2025-12-29T19:54:32.693442
Top-P 0.6,0.7,0.6,A,2025-12-29T19:54:35.041642
Top-P 0.6,0.7,0.6,A,2025-12-29T19:54:37.365427
Top-P 0.6,0.7,0.6,A,2025-12-29T19:54:39.716941
Top-P 0.6,0.7,0.6,A,2025-12-29T19:54:42.054682
Top-P 0.6,0.7,0.6,A,2025-12-29T19:54:44.390133
Top-P 0.6,0.7,0.6,A,2025-12-29T19:54:46.747418
Top-P 0.6,0.7,0.6,A,2025-12-29T19:54:49.083448
Top-P 0.6,0.7,0.6,A,2025-12-29T19:54:51.408225
Top-P 0.6,0.7,0.6,A,2025-12-29T19:54:53.776494
Top-P 0.6,0.7,0.6,A,2025-12-29T19:54:56.107090
Top-P 0.6,0.7,0.6,A,2025-12-29T19:54:58.456315
Top-P 0.6,0.7,0.6,A,2025-12-29T19:55:00.794602
Top-P 0.6,0.7,0.6,A,2025-12-29T19:55:03.123405
Top-P 0.6,0.7,0.6,A,2025-12-29T19:55:05.470281
Top-P 0.6,0.7,0.6,A,2025-12-29T19:55:07.829795
Top-P 0.6,0.7,0.6,A,2025-12-29T19:55:10.162232
Top-P 0.6,0.7,0.6,A,2025-12-29T19:55:12.507667
Top-P 0.6,0.7,0.6,A,2025-12-29T19:55:14.850667
Top-P 0.6,0.7,0.6,A,2025-12-29T19:55:17.196415
Top-P 0.6,0.7,0.6,A,2025-12-29T19:55:19.531238
Top-P 0.6,0.7,0.6,A,2025-12-29T19:55:21.861394
Top-P 0.6,0.7,0.6,A,2025-12-29T19:55:24.203409
Top-P 0.6,0.7,0.6,A,2025-12-29T19:55:26.557809
Top-P 0.6,0.7,0.6,A,2025-12-29T19:55:28.886701
Top-P 0.6,0.7,0.6,A,2025-12-29T19:55:31.227722
Top-P 0.6,0.7,0.6,A,2025-12-29T19:55:33.579576
Top-P 0.6,0.7,0.6,A,2025-12-29T19:55:35.969963
Top-P 0.6,0.7,0.6,A,2025-12-29T19:55:38.308657
Top-P 0.6,0.7,0.6,A,2025-12-29T19:55:40.645162
Top-P 0.6,0.7,0.6,A,2025-12-29T19:55:42.992663
Top-P 0.6,0.7,0.6,A,2025-12-29T19:55:45.354594
Top-P 0.6,0.7,0.6,A,2025-12-29T19:55:47.722367
Top-P 0.6,0.7,0.6,A,2025-12-29T19:55:50.085512
Top-P 0.6,0.7,0.6,A,2025-12-29T19:55:52.443694
Top-P 0.6,0.7,0.6,A,2025-12-29T19:55:54.792792
Top-P 0.6,0.7,0.6,A,2025-12-29T19:55:57.141020
Top-P 0.6,0.7,0.6,A,2025-12-29T19:55:59.482195
Top-P 0.6,0.7,0.6,A,2025-12-29T19:56:01.853786
Top-P 0.6,0.7,0.6,A,2025-12-29T19:56:04.200550
Top-P 0.6,0.7,0.6,A,2025-12-29T19:56:06.596617
Top-P 0.6,0.7,0.6,A,2025-12-29T19:56:08.950374
Top-P 0.6,0.7,0.6,A,2025-12-29T19:56:11.291558
Top-P 0.6,0.7,0.6,A,2025-12-29T19:56:13.657668
Top-P 0.6,0.7,0.6,A,2025-12-29T19:56:16.030652
Top-P 0.6,0.7,0.6,A,2025-12-29T19:56:18.370523
Top-P 0.6,0.7,0.6,A,2025-12-29T19:56:20.716728
Top-P 0.6,0.7,0.6,A,2025-12-29T19:56:23.038617
Top-P 0.6,0.7,0.6,A,2025-12-29T19:56:25.379341
Top-P 0.6,0.7,0.6,A,2025-12-29T19:56:27.707939
Top-P 0.6,0.7,0.6,A,2025-12-29T19:56:30.049996
Top-P 0.6,0.7,0.6,A,2025-12-29T19:56:32.448210
Top-P 0.6,0.7,0.6,A,2025-12-29T19:56:34.835722
Top-P 0.6,0.7,0.6,A,2025-12-29T19:56:37.261752
Top-P 0.6,0.7,0.6,A,2025-12-29T19:56:39.591896
Top-P 0.6,0.7,0.6,A,2025-12-29T19:56:41.927854
Top-P 0.6,0.7,0.6,A,2025-12-29T19:56:44.265018
Top-P 0.6,0.7,0.6,A,2025-12-29T19:56:46.624432
Top-P 0.6,0.7,0.6,A,2025-12-29T19:56:48.970085
Top-P 0.6,0.7,0.6,A,2025-12-29T19:56:51.316157
Top-P 0.6,0.7,0.6,A,2025-12-29T19:56:53.652256
Top-P 0.6,0.7,0.6,A,2025-12-29T19:56:55.994001
Top-P 0.6,0.7,0.6,A,2025-12-29T19:56:58.337496
Top-P 0.6,0.7,0.6,A,2025-12-29T19:57:00.677288
Top-P 0.6,0.7,0.6,A,2025-12-29T19:57:03.029697
Top-P 0.6,0.7,0.6,A,2025-12-29T19:57:05.413021
Top-P 0.6,0.7,0.6,A,2025-12-29T19:57:07.800226
Top-P 0.6,0.7,0.6,A,2025-12-29T19:57:10.146617
Top-P 0.6,0.7,0.6,A,2025-12-29T19:57:12.487646
Top-P 0.6,0.7,0.6,A,2025-12-29T19:57:14.830951
Top-P 0.6,0.7,0.6,A,2025-12-29T19:57:17.166260
Top-P 0.6,0.7,0.6,A,2025-12-29T19:57:19.509526
Top-P 0.6,0.7,0.6,A,2025-12-29T19:57:21.861944
Top-P 0.6,0.7,0.6,A,2025-12-29T19:57:24.216744
Top-P 0.6,0.7,0.6,A,2025-12-29T19:57:26.544028
Top-P 0.6,0.7,0.6,A,2025-12-29T19:57:28.870440
Top-P 0.6,0.7,0.6,A,2025-12-29T19:57:31.214452
Top-P 0.6,0.7,0.6,A,2025-12-29T19:57:33.605585
Top-P 0.6,0.7,0.6,A,2025-12-29T19:57:35.963575
Top-P 0.6,0.7,0.6,A,2025-12-29T19:57:38.312990
Top-P 0.6,0.7,0.6,A,2025-12-29T19:57:40.671845
Top-P 0.6,0.7,0.6,A,2025-12-29T19:57:43.006753
Top-P 0.6,0.7,0.6,A,2025-12-29T19:57:45.358237
Top-P 0.6,0.7,0.6,A,2025-12-29T19:57:47.758172
Top-P 0.6,0.7,0.6,A,2025-12-29T19:57:50.156423
Top-P 0.6,0.7,0.6,A,2025-12-29T19:57:52.528586
Top-P 0.6,0.7,0.6,A,2025-12-29T19:57:54.876554
Top-P 0.6,0.7,0.6,A,2025-12-29T19:57:57.218274
Top-P 0.6,0.7,0.6,A,2025-12-29T19:57:59.561497
Top-P 0.6,0.7,0.6,A,2025-12-29T19:58:01.944311
Top-P 0.6,0.7,0.6,A,2025-12-29T19:58:04.346746
Top-P 0.6,0.7,0.6,A,2025-12-29T19:58:06.787472
Top-P 0.6,0.7,0.6,A,2025-12-29T19:58:09.148270
Top-P 0.6,0.7,0.6,A,2025-12-29T19:58:11.532052
Top-P 0.6,0.7,0.6,A,2025-12-29T19:58:13.906034
Top-P 0.6,0.7,0.6,A,2025-12-29T19:58:16.247815
Top-P 0.6,0.7,0.6,A,2025-12-29T19:58:18.606199
Top-P 0.6,0.7,0.6,A,2025-12-29T19:58:20.988411
Top-P 0.6,0.7,0.6,A,2025-12-29T19:58:23.319221
Top-P 0.6,0.7,0.6,A,2025-12-29T19:58:25.698353
Top-P 0.6,0.7,0.6,A,2025-12-29T19:58:28.064994
Top-P 0.6,0.7,0.6,A,2025-12-29T19:58:30.432433
Top-P 0.6,0.7,0.6,A,2025-12-29T19:58:32.780580
Top-P 0.6,0.7,0.6,A,2025-12-29T19:58:35.143460
Top-P 0.6,0.7,0.6,A,2025-12-29T19:58:37.553485
Top-P 0.6,0.7,0.6,A,2025-12-29T19:58:39.986214
Top-P 0.6,0.7,0.6,A,2025-12-29T19:58:42.452977
Top-P 0.6,0.7,0.6,A,2025-12-29T19:58:44.921889
Top-P 0.6,0.7,0.6,A,2025-12-29T19:58:47.265946
Top-P 0.6,0.7,0.6,A,2025-12-29T19:58:49.674140
Top-P 0.6,0.7,0.6,A,2025-12-29T19:58:52.065292
Top-P 0.6,0.7,0.6,A,2025-12-29T19:58:54.410495
Top-P 0.6,0.7,0.6,A,2025-12-29T19:58:56.738393
Top-P 0.6,0.7,0.6,A,2025-12-29T19:58:59.078231
Top-P 0.6,0.7,0.6,A,2025-12-29T19:59:01.454412
Top-P 0.6,0.7,0.6,A,2025-12-29T19:59:03.797571
Top-P 0.6,0.7,0.6,A,2025-12-29T19:59:06.175325
Top-P 0.6,0.7,0.6,A,2025-12-29T19:59:08.545084
Top-P 0.6,0.7,0.6,A,2025-12-29T19:59:11.104315
Top-P 0.6,0.7,0.6,A,2025-12-29T19:59:13.476294
Top-P 0.6,0.7,0.6,A,2025-12-29T19:59:15.823340
Top-P 0.6,0.7,0.6,A,2025-12-29T19:59:18.224726
Top-P 0.6,0.7,0.6,A,2025-12-29T19:59:20.596319
Top-P 0.6,0.7,0.6,A,2025-12-29T19:59:22.929568
Top-P 0.6,0.7,0.6,A,2025-12-29T19:59:25.267540
Top-P 0.6,0.7,0.6,A,2025-12-29T19:59:27.605218
Top-P 0.6,0.7,0.6,A,2025-12-29T19:59:29.940844
Top-P 0.6,0.7,0.6,A,2025-12-29T19:59:32.278534
Top-P 0.6,0.7,0.6,A,2025-12-29T19:59:34.617735
Top-P 0.6,0.7,0.6,A,2025-12-29T19:59:36.950202
Top-P 0.6,0.7,0.6,A,2025-12-29T19:59:39.318735
Top-P 0.6,0.7,0.6,A,2025-12-29T19:59:41.812820
Top-P 0.6,0.7,0.6,A,2025-12-29T19:59:44.174178
Top-P 0.6,0.7,0.6,A,2025-12-29T19:59:46.515340
Top-P 0.6,0.7,0.6,A,2025-12-29T19:59:48.843087
Top-P 0.6,0.7,0.6,A,2025-12-29T19:59:51.188054
Top-P 0.6,0.7,0.6,A,2025-12-29T19:59:53.548726
Top-P 0.6,0.7,0.6,A,2025-12-29T19:59:55.884485
Top-P 0.6,0.7,0.6,A,2025-12-29T19:59:58.323756
Top-P 0.6,0.7,0.6,A,2025-12-29T20:00:00.714273
Top-P 0.6,0.7,0.6,A,2025-12-29T20:00:03.061971
Top-P 0.6,0.7,0.6,A,2025-12-29T20:00:05.458765
Top-P 0.6,0.7,0.6,A,2025-12-29T20:00:07.909329
Top-P 0.6,0.7,0.6,A,2025-12-29T20:00:10.254258
Top-P 0.6,0.7,0.6,A,2025-12-29T20:00:12.605355
Top-P 0.6,0.7,0.6,A,2025-12-29T20:00:14.947193
Top-P 0.6,0.7,0.6,A,2025-12-29T20:00:17.381890
Top-P 0.6,0.7,0.6,A,2025-12-29T20:00:19.955152
Top-P 0.6,0.7,0.6,A,2025-12-29T20:00:22.418516
Top-P 0.6,0.7,0.6,A,2025-12-29T20:00:24.762213
Top-P 0.6,0.7,0.6,A,2025-12-29T20:00:27.117963
Top-P 0.6,0.7,0.6,A,2025-12-29T20:00:29.514675
Top-P 0.6,0.7,0.6,A,2025-12-29T20:00:31.895929
Top-P 0.6,0.7,0.6,A,2025-12-29T20:00:34.268363
Top-P 0.6,0.7,0.6,A,2025-12-29T20:00:36.607358
Top-P 0.6,0.7,0.6,A,2025-12-29T20:00:38.966363
Top-P 0.6,0.7,0.6,A,2025-12-29T20:00:41.302007
Top-P 0.6,0.7,0.6,A,2025-12-29T20:00:43.787691
Top-P 0.6,0.7,0.6,A,2025-12-29T20:00:46.145226
Top-P 0.6,0.7,0.6,A,2025-12-29T20:00:48.765973
Top-P 0.6,0.7,0.6,A,2025-12-29T20:00:51.152204
Top-P 0.6,0.7,0.6,A,2025-12-29T20:00:53.523004
Top-P 0.6,0.7,0.6,A,2025-12-29T20:00:55.860277
Top-P 0.6,0.7,0.6,A,2025-12-29T20:00:58.209568
Top-P 0.6,0.7,0.6,A,2025-12-29T20:01:00.557383
Top-P 0.6,0.7,0.6,A,2025-12-29T20:01:02.905224
Top-P 0.6,0.7,0.6,A,2025-12-29T20:01:05.247745
Top-P 0.6,0.7,0.6,A,2025-12-29T20:01:07.600518
Top-P 0.6,0.7,0.6,A,2025-12-29T20:01:09.949060
Top-P 0.6,0.7,0.6,A,2025-12-29T20:01:12.287443
Top-P 0.6,0.7,0.6,A,2025-12-29T20:01:14.651125
Top-P 0.6,0.7,0.6,A,2025-12-29T20:01:16.996931
Top-P 0.6,0.7,0.6,A,2025-12-29T20:01:19.369820
Top-P 0.6,0.7,0.6,A,2025-12-29T20:01:21.722206
Top-P 0.6,0.7,0.6,A,2025-12-29T20:01:24.075394
Top-P 0.6,0.7,0.6,A,2025-12-29T20:01:26.526834
Top-P 0.6,0.7,0.6,A,2025-12-29T20:01:28.912509
Top-P 0.6,0.7,0.6,A,2025-12-29T20:01:31.246056
Top-P 0.6,0.7,0.6,A,2025-12-29T20:01:33.625916
Top-P 0.6,0.7,0.6,A,2025-12-29T20:01:36.013474
Top-P 0.6,0.7,0.6,A,2025-12-29T20:01:38.594525
Top-P 0.6,0.7,0.6,A,2025-12-29T20:01:41.005595
Top-P 0.6,0.7,0.6,A,2025-12-29T20:01:43.420862
Top-P 0.6,0.7,0.6,A,2025-12-29T20:01:45.871342
Top-P 0.6,0.7,0.6,A,2025-12-29T20:01:48.227019
Top-P 0.6,0.7,0.6,A,2025-12-29T20:01:50.580129
Top-P 0.6,0.7,0.6,A,2025-12-29T20:01:52.978889
Top-P 0.6,0.7,0.6,A,2025-12-29T20:01:55.311472
Top-P 0.6,0.7,0.6,A,2025-12-29T20:01:57.656309
Top-P 0.6,0.7,0.6,A,2025-12-29T20:02:00.014930
Top-P 0.6,0.7,0.6,A,2025-12-29T20:02:02.359184
Top-P 0.6,0.7,0.6,A,2025-12-29T20:02:04.750806
Top-P 0.6,0.7,0.6,A,2025-12-29T20:02:07.100139
Top-P 0.6,0.7,0.6,A,2025-12-29T20:02:09.439143
Top-P 0.6,0.7,0.6,A,2025-12-29T20:02:11.771444
Top-P 0.6,0.7,0.6,A,2025-12-29T20:02:14.101491
Top-P 0.6,0.7,0.6,A,2025-12-29T20:02:16.500438
Top-P 0.6,0.7,0.6,A,2025-12-29T20:02:18.842904
Top-P 0.6,0.7,0.6,A,2025-12-29T20:02:21.208254
Top-P 0.6,0.7,0.6,A,2025-12-29T20:02:23.673210
Top-P 0.6,0.7,0.6,A,2025-12-29T20:02:26.057164
Top-P 0.6,0.7,0.6,A,2025-12-29T20:02:28.406666
Top-P 0.6,0.7,0.6,A,2025-12-29T20:02:30.760244
Top-P 0.6,0.7,0.6,A,2025-12-29T20:02:33.089149
Top-P 0.6,0.7,0.6,A,2025-12-29T20:02:35.480064
Top-P 0.6,0.7,0.6,A,2025-12-29T20:02:37.821806
Top-P 0.6,0.7,0.6,A,2025-12-29T20:02:40.160587
Top-P 0.6,0.7,0.6,A,2025-12-29T20:02:42.521550
Top-P 0.6,0.7,0.6,A,2025-12-29T20:02:44.906003
Top-P 0.6,0.7,0.6,A,2025-12-29T20:02:47.302830
Top-P 0.6,0.7,0.6,A,2025-12-29T20:02:49.669650
Top-P 0.6,0.7,0.6,A,2025-12-29T20:02:52.018657
Top-P 0.6,0.7,0.6,A,2025-12-29T20:02:54.362287
Top-P 0.6,0.7,0.6,A,2025-12-29T20:02:56.709092
Top-P 0.6,0.7,0.6,A,2025-12-29T20:02:59.090825
Top-P 0.6,0.7,0.6,A,2025-12-29T20:03:01.444050
Top-P 0.6,0.7,0.6,A,2025-12-29T20:03:04.007086
Top-P 0.6,0.7,0.6,A,2025-12-29T20:03:06.387844
Top-P 0.6,0.7,0.6,A,2025-12-29T20:03:08.733146
Top-P 0.6,0.7,0.6,A,2025-12-29T20:03:11.296273
Top-P 0.6,0.7,0.6,A,2025-12-29T20:03:13.693821
Top-P 0.6,0.7,0.6,A,2025-12-29T20:03:16.028674
Top-P 0.6,0.7,0.6,A,2025-12-29T20:03:18.422119
Top-P 0.6,0.7,0.6,A,2025-12-29T20:03:20.776348
Top-P 0.6,0.7,0.6,A,2025-12-29T20:03:23.126295
Top-P 0.6,0.7,0.6,A,2025-12-29T20:03:25.505145
Top-P 0.6,0.7,0.6,A,2025-12-29T20:03:27.861750
Top-P 0.6,0.7,0.6,A,2025-12-29T20:03:30.200443
Top-P 0.6,0.7,0.6,A,2025-12-29T20:03:32.560022
Top-P 0.6,0.7,0.6,A,2025-12-29T20:03:34.905281
Top-P 0.6,0.7,0.6,A,2025-12-29T20:03:37.259594
Top-P 0.6,0.7,0.6,A,2025-12-29T20:03:39.626077
Top-P 0.6,0.7,0.6,A,2025-12-29T20:03:41.970482
Top-P 0.6,0.7,0.6,A,2025-12-29T20:03:44.317956
Top-P 0.6,0.7,0.6,A,2025-12-29T20:03:46.684616
Top-P 0.6,0.7,0.6,A,2025-12-29T20:03:49.037907
Top-P 0.6,0.7,0.6,A,2025-12-29T20:03:51.366936
Top-P 0.6,0.7,0.6,A,2025-12-29T20:03:53.730409
Top-P 0.6,0.7,0.6,A,2025-12-29T20:03:56.132320
Top-P 0.6,0.7,0.6,A,2025-12-29T20:03:58.557780
Top-P 0.6,0.7,0.6,A,2025-12-29T20:04:00.945531
Top-P 0.6,0.7,0.6,A,2025-12-29T20:04:03.276111
Top-P 0.6,0.7,0.6,A,2025-12-29T20:04:05.636306
Top-P 0.6,0.7,0.6,A,2025-12-29T20:04:08.014541
Top-P 0.6,0.7,0.6,A,2025-12-29T20:04:10.357121
Top-P 0.6,0.7,0.6,A,2025-12-29T20:04:12.700714
Top-P 0.6,0.7,0.6,A,2025-12-29T20:04:15.028231
Top-P 0.6,0.7,0.6,A,2025-12-29T20:04:17.373881
Top-P 0.6,0.7,0.6,A,2025-12-29T20:04:19.802214
Top-P 0.6,0.7,0.6,A,2025-12-29T20:04:22.169703
Top-P 0.6,0.7,0.6,A,2025-12-29T20:04:24.534355
Top-P 0.6,0.7,0.6,A,2025-12-29T20:04:26.876867
Top-P 0.6,0.7,0.6,A,2025-12-29T20:04:29.226376
Top-P 0.6,0.7,0.6,A,2025-12-29T20:04:31.565563
Top-P 0.6,0.7,0.6,A,2025-12-29T20:04:33.921163
Top-P 0.6,0.7,0.6,A,2025-12-29T20:04:36.254413
Top-P 0.6,0.7,0.6,A,2025-12-29T20:04:38.610131
Top-P 0.6,0.7,0.6,A,2025-12-29T20:04:40.995515
Top-P 0.6,0.7,0.6,A,2025-12-29T20:04:43.390087
Top-P 0.6,0.7,0.6,A,2025-12-29T20:04:45.769755
Top-P 0.6,0.7,0.6,A,2025-12-29T20:04:48.117847
Top-P 0.6,0.7,0.6,A,2025-12-29T20:04:50.468766
Top-P 0.6,0.7,0.6,A,2025-12-29T20:04:52.831939
Top-P 0.6,0.7,0.6,A,2025-12-29T20:04:55.188995
Top-P 0.6,0.7,0.6,A,2025-12-29T20:04:57.536777
Top-P 0.6,0.7,0.6,A,2025-12-29T20:04:59.915333
Top-P 0.6,0.7,0.6,A,2025-12-29T20:05:02.279783
Top-P 0.6,0.7,0.6,A,2025-12-29T20:05:04.654928
Top-P 0.6,0.7,0.6,A,2025-12-29T20:05:07.005063
Top-P 0.6,0.7,0.6,A,2025-12-29T20:05:09.394030
Top-P 0.6,0.7,0.6,A,2025-12-29T20:05:11.753012
Top-P 0.6,0.7,0.6,A,2025-12-29T20:05:14.111489
Top-P 0.6,0.7,0.6,A,2025-12-29T20:05:16.524327
Top-P 0.6,0.7,0.6,A,2025-12-29T20:05:19.003373
Top-P 0.6,0.7,0.6,A,2025-12-29T20:05:21.358124
Top-P 0.6,0.7,0.6,A,2025-12-29T20:05:23.694618
Top-P 0.6,0.7,0.6,A,2025-12-29T20:05:26.036533
Top-P 0.6,0.7,0.6,A,2025-12-29T20:05:28.409206
Top-P 0.6,0.7,0.6,A,2025-12-29T20:05:30.785395
Top-P 0.6,0.7,0.6,A,2025-12-29T20:05:33.135060
Top-P 0.6,0.7,0.6,A,2025-12-29T20:05:35.468393
Top-P 0.6,0.7,0.6,A,2025-12-29T20:05:37.812541
Top-P 0.6,0.7,0.6,A,2025-12-29T20:05:40.256130
Top-P 0.6,0.7,0.6,A,2025-12-29T20:05:42.645674
Top-P 0.6,0.7,0.6,A,2025-12-29T20:05:44.977058
Top-P 0.6,0.7,0.6,A,2025-12-29T20:05:47.312653
Top-P 0.6,0.7,0.6,A,2025-12-29T20:05:49.650075
Top-P 0.6,0.7,0.6,A,2025-12-29T20:05:52.004235
Top-P 0.6,0.7,0.6,A,2025-12-29T20:05:54.346825
Top-P 0.6,0.7,0.6,A,2025-12-29T20:05:56.683278
Top-P 0.6,0.7,0.6,A,2025-12-29T20:05:59.020618
Top-P 0.6,0.7,0.6,A,2025-12-29T20:06:01.356426
Top-P 0.6,0.7,0.6,A,2025-12-29T20:06:03.729383
Top-P 0.6,0.7,0.6,A,2025-12-29T20:06:06.099140
Top-P 0.6,0.7,0.6,A,2025-12-29T20:06:08.446537
Top-P 0.6,0.7,0.6,A,2025-12-29T20:06:10.785784
Top-P 0.6,0.7,0.6,A,2025-12-29T20:06:13.126592
Top-P 0.6,0.7,0.6,A,2025-12-29T20:06:15.446293
Top-P 0.6,0.7,0.6,A,2025-12-29T20:06:17.821922
Top-P 0.6,0.7,0.6,A,2025-12-29T20:06:20.154322
Top-P 0.6,0.7,0.6,A,2025-12-29T20:06:22.506692
Top-P 0.6,0.7,0.6,A,2025-12-29T20:06:24.828892
Top-P 0.6,0.7,0.6,A,2025-12-29T20:06:27.164860
Top-P 0.6,0.7,0.6,A,2025-12-29T20:06:29.543821
