bucket_index,bucket_start_virtual,bucket_end_virtual,count
0,0.0,1.0,1
1,1.0,2.0,3
2,2.0,3.0,3
3,3.0,4.0,2
4,4.0,5.0,3
5,5.0,6.0,3
6,6.0,7.0,2
7,7.0,8.0,3
8,8.0,9.0,3
9,9.0,10.0,3
10,10.0,11.0,3
11,11.0,12.0,3
12,12.0,13.0,3
13,13.0,14.0,3
14,14.0,15.0,3
15,15.0,16.0,2
16,16.0,17.0,3
17,17.0,18.0,3
18,18.0,19.0,3
19,19.0,20.0,3
20,20.0,21.0,2
21,21.0,22.0,4
22,22.0,23.0,3
23,23.0,24.0,3
24,24.0,25.0,3
25,25.0,26.0,2
26,26.0,27.0,2
27,27.0,28.0,3
28,28.0,29.0,3
29,29.0,30.0,3
30,30.0,31.0,3
31,31.0,32.0,3
32,32.0,33.0,3
33,33.0,34.0,2
34,34.0,35.0,4
35,35.0,36.0,3
36,36.0,37.0,3
37,37.0,38.0,2
38,38.0,39.0,3
39,39.0,40.0,3
40,40.0,41.0,2
41,41.0,42.0,3
42,42.0,43.0,3
43,43.0,44.0,2
44,44.0,45.0,3
45,45.0,46.0,3
46,46.0,47.0,2
47,47.0,48.0,3
48,48.0,49.0,2
49,49.0,50.0,3
50,50.0,51.0,3
51,51.0,52.0,3
52,52.0,53.0,3
53,53.0,54.0,3
54,54.0,55.0,3
55,55.0,56.0,2
56,56.0,57.0,3
57,57.0,58.0,3
58,58.0,59.0,3
59,59.0,60.0,3
60,60.0,61.0,3
61,61.0,62.0,3
62,62.0,63.0,3
63,63.0,64.0,3
64,64.0,65.0,3
65,65.0,66.0,3
66,66.0,67.0,2
67,67.0,68.0,3
68,68.0,69.0,2
69,69.0,70.0,3
70,70.0,71.0,3
71,71.0,72.0,3
72,72.0,73.0,3
73,73.0,74.0,3
74,74.0,75.0,2
75,75.0,76.0,4
76,76.0,77.0,2
77,77.0,78.0,3
78,78.0,79.0,3
79,79.0,80.0,2
80,80.0,81.0,3
81,81.0,82.0,3
82,82.0,83.0,3
83,83.0,84.0,2
84,84.0,85.0,4
85,85.0,86.0,3
86,86.0,87.0,3
87,87.0,88.0,2
88,88.0,89.0,3
89,89.0,90.0,3
90,90.0,91.0,3
91,91.0,92.0,4
92,92.0,93.0,2
93,93.0,94.0,3
94,94.0,95.0,3
95,95.0,96.0,3
96,96.0,97.0,3
97,97.0,98.0,3
98,98.0,99.0,2
99,99.0,100.0,3
100,100.0,101.0,3
101,101.0,102.0,3
102,102.0,103.0,2
103,103.0,104.0,3
104,104.0,105.0,3
105,105.0,106.0,3
